estado,zona,codigo_postal
Amazonas,Maroa,7101
Amazonas,Otras Poblaciones,7101
Amazonas,Puerto Ayacucho,7101
Amazonas,Puerto Páez,7101
Amazonas,San Carlos de Río Negro,7101
Amazonas,San Fernando de Atabapo,7101
Amazonas,San Fernando de Guainia,7101
Amazonas,San Juan de Manapiare,7101
Amazonas,San Simón de Cocuy,7101
Amazonas,Santa Rosa de Amanadona,7101
Anzoategui,Anaco,6003
Anzoategui,Aragua de Barcelona,6002
Anzoategui,Atapirire,6001
Anzoategui,Barbacoa,6001
Anzoategui,Barcelona,6001
Anzoategui,Bergantín,6001
Anzoategui,Boca de Uchire,6005
Anzoategui,Cachipo,6001
Anzoategui,Caigua,6001
Anzoategui,Cantaura,6007
Anzoategui,Clarines,6008
Anzoategui,El Carito,6001
Anzoategui,El Chaparro,2350
Anzoategui,El Hatillo,6001
Anzoategui,El Morro de Barcelona,6016
Anzoategui,El Pao,6001
Anzoategui,El Pilar,6001
Anzoategui,El Tigre,6050
Anzoategui,Guanape,6012
Anzoategui,Guanta,6014
Anzoategui,Guaribe de Cajigal,6001
Anzoategui,La Margarita,6002
Anzoategui,Lecherías,6016
Anzoategui,Los Altos de Santa Fe,6001
Anzoategui,Los Pilones,6003
Anzoategui,Mapire,6001
Anzoategui,Modulo de Boyacá,6001
Anzoategui,Modulo de Chuparin,6009
Anzoategui,Mundo Nuevo,6001
Anzoategui,Naricual,6001
Anzoategui,Onoto,6020
Anzoategui,Otras Poblaciones,6001
Anzoategui,Pariaguán,6052
Anzoategui,Pertigalete,6014
Anzoategui,Píritu,6022
Anzoategui,Pozuelos,6022
Anzoategui,Puerto La Cruz,6023
Anzoategui,Puerto Píritu,6022
Anzoategui,Sabana de Uchire,6001
Anzoategui,San Diego de Cabrutica,6001
Anzoategui,San Joaquín,6001
Anzoategui,San José de Guanipa,6054
Anzoategui,San Mateo,6048
Anzoategui,San Miguel,6001
Anzoategui,San Pablo,6001
Anzoategui,San Tomé,6055
Anzoategui,Santa Ana,6027
Anzoategui,Santa Clara,6001
Anzoategui,Santa Cruz del Orinoco,6001
Anzoategui,Santa Inés,6001
Anzoategui,Santa Rosa,6001
Anzoategui,Soledad,8013
Anzoategui,Uríca,6001
Anzoategui,Uverito,6001
Anzoategui,Valle Guanape,6032
Anzoategui,Zuata,6057
Apure,Achaguas,7002
Apure,Apurito,7003
Apure,Arichuna,7001
Apure,Biruaca,7007
Apure,Bruzual,7005
Apure,Camaguán,7007
Apure,Cazorla,7001
Apure,Cunaviche,7001
Apure,El Samán de Apure,7001
Apure,El Yagual,7001
Apure,Elorza,7011
Apure,Guáchara,7001
Apure,Guasimal,7001
Apure,Guayabal,7001
Apure,La Trinidad de Orichuna,7001
Apure,Mantecal,7010
Apure,Municipio Quintero,7001
Apure,Puerto Nova,7001
Apure,San Fernando,7001
Apure,San Juan de Payara,7001
Apure,San Juan de Payara,7004
Apure,San Rafael de Atamaica,7001
Apure,San Vicente,7001
Aragua,10 de Diciembre,2107
Aragua,12 de Febrero,2104
Aragua,12 de Octubre (Maracay),2103
Aragua,"13 de Enero I, II, III (Maracay)",2103
Aragua,13 de Junio (Maracay),2103
Aragua,18 de Mayo (Maracay),2103
Aragua,1º de Mayo (Maracay),2103
Aragua,23 de Enero (Maracay),2104
Aragua,5 de Julio,2118
Aragua,5 de Julio (Maracay),2103
Aragua,Alayón (Maracay),2103
Aragua,Alberto Solano (Maracay),2103
Aragua,Alí Primera (Cagua),2122
Aragua,Andrés Bello (Maracay),2102
Aragua,Andrés Eloy (Santa Cruz),2123
Aragua,Andrés Eloy Blanco (Maracay),2103
Aragua,Angélica de Lusinchi (Cagua),2122
Aragua,Apolo (Villa de Cura),2126
Aragua,Aquiles Nazoa (Maracay),2103
Aragua,Aragüita (Villa de Cura),2126
Aragua,Arias Blanco (El Limón),2105
Aragua,Arsenal (Maracay),2101
Aragua,Barbacoas,2301
Aragua,Barrancón (Cagua),2122
Aragua,Base Aragua (Maracay),2102
Aragua,Bella Vista (Cagua),2122
Aragua,Bella Vista (Maracay),2102
Aragua,Bello Monte (Palo Negro),2117
Aragua,Bello Monte I y II (La Victoria),2121
Aragua,Bermúdez (Maracay),2103
Aragua,Bolívar (La Victoria),2121
Aragua,Bolívar (Maracay),2104
Aragua,Bolívar (San Mateo),2120
Aragua,Bosque Lindo (El Consejo),2118
Aragua,Brisas del Lago (Maracay),2104
Aragua,Buenos Aires (Maracay),2103
Aragua,Caballero (Cagua),2122
Aragua,Cadillal (Maracay),2104
Aragua,Cagua (Cagua),2122
Aragua,Calicanto (Maracay),2101
Aragua,Camatagua,2335
Aragua,Camburito (Maracay),2103
Aragua,Camejo (Villa de Cura),2126
Aragua,Campo Alegre (Cagua),2122
Aragua,Campo Alegre (Maracay),2103
Aragua,Campo Claro (Maracay),2101
Aragua,Campo Elías (La Victoria),2121
Aragua,Caña de Azúcar (Maracay),2105
Aragua,Cañaote (Tejerías),2119
Aragua,Cantarrana (Maracay),2102
Aragua,Cantor Nieve Río (Tejerías),2119
Aragua,Carlos Andrés Pérez (Palo Negro),2117
Aragua,Carlos Maza (Maracay),2103
Aragua,Carmen de Cura,2335
Aragua,Carrizalito (Villa de Cura),2126
Aragua,Casanova Godoy (Maracay),2103
Aragua,Casco de La Ciudad (Maracay),2101
Aragua,Cata (Ocumare de La Costa),2114
Aragua,Cementerio (El Consejo),2118
Aragua,Choroní (Choroní),2110
Aragua,Ciudad Jardín (Cagua),2122
Aragua,Ciudad Jardín (Maracay),2102
Aragua,Ciudad Universitaria (El Limón),2105
Aragua,Codazzi (Cagua),2122
Aragua,Colonia Tovar,1030
Aragua,Cooperativa Los Olivos Nuevos (Maracay),2102
Aragua,Cooperativa Los Olivos Viejos (Maracay),2102
Aragua,Corianza (Cagua),2122
Aragua,Corocito (San Mateo),2120
Aragua,Coromoto (Maracay),2101
Aragua,Curiepe (Tejerías),2119
Aragua,Cuyagua,2112
Aragua,Cuyagua (Ocumare de La Costa),2112
Aragua,Doctor Pedro García (Turmero),2116
Aragua,El Béisbol (Tejerías),2119
Aragua,El Bosque (Maracay),2102
Aragua,El Carmen (Cagua),2122
Aragua,El Carmen (La Victoria),2121
Aragua,El Carmen (Maracay),2101
Aragua,El Cementerio (La Victoria),2121
Aragua,El Centro (Maracay),2104
Aragua,El Consejo (El Consejo),2118
Aragua,El Esfuerzo (Maracay),2104
Aragua,El Estadium (La Victoria),2121
Aragua,El Hipódromo (Maracay),2104
Aragua,El Indio (Maracay),2104
Aragua,El Lago (Maracay),2104
Aragua,El Lechosal (Cagua),2122
Aragua,El Macaro (Turmero),2115
Aragua,El Maomo (Santa Cruz),2123
Aragua,El Milagro (Maracay),2101
Aragua,El Nido (El Consejo),2118
Aragua,El Ortiseño (Palo Negro),2117
Aragua,"El Piñal (El Limón, Maracay)",2105
Aragua,El Pinal (Maracay),2101
Aragua,"El Progreso (El Limón, Maracay)",2105
Aragua,El Recreo (La Victoria),2121
Aragua,El Recurso (Maracay),2101
Aragua,El Remanso (Santa Cruz),2123
Aragua,El Tierral (19 de Abril Maracay),2107
Aragua,El Topo (Cagua),2122
Aragua,El Toquito (Villa de Cura),2126
Aragua,El Toro (Maracay),2101
Aragua,El Toro (Maracay),2102
Aragua,El Trébol (Maracay),2103
Aragua,El Triunfo (Maracay),2104
Aragua,El Valle de Santa Rita (Maracay),2103
Aragua,El Viñedo (Maracay),2104
Aragua,Ezequiel Zamora Palo Negro),2117
Aragua,Francisco de Miranda (Maracay),2103
Aragua,Francisco de Miranda (Villa de Cura),2126
Aragua,Funda Villa I y II (Villa de Cura),2126
Aragua,Fundación Mendoza (Maracay),2103
Aragua,Girardot (Maracay),2103
Aragua,Guanarito (Turmero),2115
Aragua,Guaracarima (La Victoria),2121
Aragua,Guaruto (Maracay),2103
Aragua,Guayabita (Turmero),2115
Aragua,Guayamura (Maracay),2104
Aragua,Güere (Turmero),2115
Aragua,"Güerito (19 de Abril, Maracay)",2107
Aragua,Guillen (Cagua),2122
Aragua,Guiripa,2338
Aragua,Independencia (Maracay),2101
Aragua,Jabillar (Tejerias),2119
Aragua,Jaime II (Villa de Cura),2126
Aragua,José Antonio Páez (Maracay),2103
Aragua,José Casanova Godoy (Maracay),2103
Aragua,José Félix Rivas (Maracay),2101
Aragua,José Gregorio Hernández (Maracay),2103
Aragua,Juan Moreno (El Consejo),2118
Aragua,Juana Medina (Maracay),2104
Aragua,Julio Bracho (El Consejo),2118
Aragua,La Arboleda (Maracay),2102
Aragua,La Arboleda (Santa Cruz),2123
Aragua,La Atascoza (Palo Negro),2117
Aragua,La Avanzada (Maracay),2103
Aragua,La Barraca (Maracay),2102
Aragua,"La Candelaria (El Limón, Maracay)",2105
Aragua,La Candelaria (Santa Cruz),2123
Aragua,La Capillita (Santa Cruz),2123
Aragua,La Carpiera (Cagua),2122
Aragua,La Chapa (La Victoria),2121
Aragua,La Chatarrera (Maracay),2104
Aragua,La Concepción (El Consejo),2118
Aragua,La Coromoto (maracay),2101
Aragua,La Crispera (La Victoria),2121
Aragua,La Cruz (El Consejo),2118
Aragua,"La Cruz (El Limón, Maracay)",2105
Aragua,La Cruz(La Victoria),2121
Aragua,La Cuarta (Palo Negro),2117
Aragua,La Curia (San Mateo),2120
Aragua,La Democracia (Maracay),2101
Aragua,La Encrucijada (Turmero),2115
Aragua,La Esmeralda (Maracay),2103
Aragua,La Esmeraldita (Maracay),2103
Aragua,La Floresta (Maracay),2102
Aragua,La Frontera (Palo Negro),2117
Aragua,La Frontera (Santa Cruz),2123
Aragua,La Fuente (Turmero),2115
Aragua,La Fundación (Turmero),2115
Aragua,La Gallera (Maracay),2103
Aragua,La Hacienda (Cagua),2122
Aragua,La Haciendita (Santa Cruz),2123
Aragua,La Hamaca (Maracay),2104
Aragua,"La Herrereña (19 de Abril, Maracay)",2107
Aragua,La Iguana (El Consejo),2118
Aragua,La Independencia (Maracay),2102
Aragua,La Isabelita (Maracay),2104
Aragua,La Julia (Turmero),2115
Aragua,La Majada (Santa Cruz),2123
Aragua,La Maracaya (Maracay),2103
Aragua,La Mora (La Victoria),2121
Aragua,"La Morita I y III (19 de Abril, Maracay)",2107
Aragua,La Olla (El Consejo),2118
Aragua,La Ovallera (Palo Negro),2117
Aragua,La Participación (Maracay),2103
Aragua,"La Paz (19 de Abril, Maracay)",2107
Aragua,La Paz (Maracay),2103
Aragua,La Pedrera (Maracay),2102
Aragua,La Pica (Palo Negro),2117
Aragua,La Primavera (La Victoria),2121
Aragua,"La Providencia (19 de Abril, Maracay)",2107
Aragua,La Punta (Maracay),2103
Aragua,La Represa (Villa de Cura),2126
Aragua,La Rinconada (Maracay),2102
Aragua,La Romana Nueva (Maracay),2101
Aragua,La Romana Vieja (Maracay),2101
Aragua,La Rosa (El Consejo),2118
Aragua,La Segundera (Cagua),2122
Aragua,La Soledad (Maracay),2102
Aragua,Las Acacias (Maracay),2103
Aragua,Las Animas I y II (Palo Negro),2117
Aragua,Las Brisas (Maracay),2102
Aragua,Las Brisas (Maracay),2103
Aragua,Las Carmenes (Maracay),2104
Aragua,Las Casitas (La Victoria),2121
Aragua,Las Cruces (Maracay),2104
Aragua,"Las Delicias (Barrio, Maracay)",2102
Aragua,Las Delicias (Maracay),2102
Aragua,Las Delicias (Maracay),2103
Aragua,Las Flores (Maracay),2101
Aragua,Las Flores (San Mateo),2120
Aragua,Las Luisas (El Consejo),2118
Aragua,"Las Mayas (El Limón, Maracay)",2105
Aragua,Las Mercedes (La Victoria),2121
Aragua,Las Mercedes (Maracay),2104
Aragua,Las Mercedes (Villa de Cura),2126
Aragua,Las Peñitas (Villa de Cura),2126
Aragua,Las Tunas (La Victoria),2121
Aragua,Las Vegas (Cagua),2122
Aragua,Las Vegas I y II (Maracay),2103
Aragua,Libertad (Maracay),2104
Aragua,Libertad (Tejerias),2119
Aragua,"Libertador (19 de Abril, Palo Negro)",2107
Aragua,Libertador (Maracay),2104
Aragua,Libertador (Palo Negro),2117
Aragua,Los Cachos (Tejerias),2119
Aragua,Los Caobos (Maracay),2101
Aragua,Los Caobos (Turmero),2115
Aragua,Los Cerritos (El Consejo),2118
Aragua,Los Chaguaramos (Maracay),2103
Aragua,Los Cocos (Cagua),2122
Aragua,Los Cocos (Maracay),2103
Aragua,Los Colorados (Villa de Cura),2126
Aragua,Los Galpones (Maracay),2104
Aragua,Los Hornos (Palo Negro),2117
Aragua,Los Jabillos (Maracay),2103
Aragua,Los Jabillos (Tejerias),2119
Aragua,Los Manguitos (Santa Cruz),2123
Aragua,Los Naranjos (Maracay),2102
Aragua,Los Naranjos (Palo Negro),2117
Aragua,Los Nísperos (Maracay),2103
Aragua,Los Nísperos (Turmero),2115
Aragua,Los Overos (Turmero),2115
Aragua,Los Pinos (Maracay),2104
Aragua,Los Próceres (Maracay),2103
Aragua,"Los Rauceos (El Limón, Maracay)",2105
Aragua,Los Rosales (Maracay),2102
Aragua,Los Samanes (Maracay),2104
Aragua,Los Tanques (La Victoria),2121
Aragua,Los Tubos (Maracay),2104
Aragua,Lourdes (Maracay),2104
Aragua,Magdaleno (Magdaleno),2128
Aragua,Malariología Antonio Aranguren (Palo Negro),2117
Aragua,Maracay II (Maracay),2104
Aragua,Marcelo Guzmán (Turmero),2115
Aragua,María Cristina (Maracay),2104
Aragua,Mario Briceño Iragorry (Maracay),2103
Aragua,Mariscal Sucre (Maracay),2104
Aragua,Mata Redonda (Maracay),2103
Aragua,Mata Redonda (Maracay),2104
Aragua,"Mata Seca (El Limón, Maracay)",2105
Aragua,Medina Angarita (Cagua),2122
Aragua,Mendoza (Tejerias),2119
Aragua,Miranda (La Victoria),2121
Aragua,Monserrat (Santa Cruz),2123
Aragua,Mora 2 (La Victoria),2121
Aragua,"Morean Soto (19 de Abril, Maracay)",2107
Aragua,Morian Soto (Maracay),2103
Aragua,Morita II (Maracay),2103
Aragua,Negro Primero (Villa de Cura),2126
Aragua,Niño de Jesús (El Consejo),2118
Aragua,"Niño de Jesús (El Limón, Maracay)",2105
Aragua,Oasis (Maracay),2103
Aragua,Ocumare de La Costa (Ocumare de La Costa),2112
Aragua,Ocumarito (Palo Negro),2117
Aragua,Orope (San Mateo),2120
Aragua,Otras Poblaciones,2101
Aragua,Palma Real (Maracay),2103
Aragua,Palo Negro (Palo Negro),2117
Aragua,"Paraparal I, II, III (Maracay)",2103
Aragua,Payita (Turmero),2115
Aragua,Peñuela Ruiz (Santa Cruz),2123
Aragua,Piñonal (Maracay),2103
Aragua,Piñonal Sur (Maracay),2103
Aragua,Polvorín (Turmero),2115
Aragua,Portachuelo (La Victoria),2121
Aragua,Primitivo de Jesús (La Victoria),2121
Aragua,Pueblo Nuevo (Tejerias),2119
Aragua,Puerto Colombia,2113
Aragua,Quebrada de Pipe (San Mateo),2120
Aragua,Rafael Caldera (Maracay),2103
Aragua,Rafael Urdaneta (Maracay),2103
Aragua,Residencias Coromoto (Maracay),2101
Aragua,Río Blanco I y II (Maracay),2103
Aragua,"Rodríguez Palencia (19 de Abril, Maracay)",2107
Aragua,Rómulo Gallegos (Ocumare de La Costa - Cagua),2122
Aragua,Rosario de Paya (Turmero),2115
Aragua,Ruiz (Tejerias),2119
Aragua,Sabaneta (El Consejo),2118
Aragua,"Samán de Güere (19 de Abril, Maracay)",2107
Aragua,San Carlos (Maracay),2103
Aragua,San Carlos (Turmero),2115
Aragua,San Casimiro,2338
Aragua,San Francisco (Maracay),2102
Aragua,San Francisco de Asís (San Francisco de Asís),2125
Aragua,San Francisco de Cara,2335
Aragua,San Ignacio (Maracay),2104
Aragua,San Isidro (Maracay),2101
Aragua,San Jacinto (Maracay),2102
Aragua,"San Joaquín de Turmero (19 de Abril, Maracay)",2107
Aragua,San José (Maracay),2103
Aragua,San Luis (Maracay),2103
Aragua,San Mateo (San Mateo),2120
Aragua,San Miguel (Maracay),2102
Aragua,San Miguel (Maracay),2103
Aragua,San Miguel (Maracay),2104
Aragua,San Miguel (Palo Negro),2117
Aragua,San Pablo (Turmero),2115
Aragua,San Pedro Alejandrino (Maracay),2103
Aragua,San Sebastian,2340
Aragua,San Vicente (Maracay),2104
Aragua,San Vicente I y II (Maracay),2104
Aragua,Santa Ana (Maracay),2103
Aragua,Santa Ana (Palo Negro),2117
Aragua,Santa Cruz (Santa Cruz),2123
Aragua,Santa Eduvigis (Maracay),2102
Aragua,Santa Elena (Palo Negro),2117
Aragua,Santa Rita (Maracay),2103
Aragua,Santa Rosa (Maracay),2104
Aragua,Santa Rosalía (Cagua),2122
Aragua,Santa Rosalía (Palo Negro),2117
Aragua,Santo Domingo (El Consejo),2118
Aragua,Sector E (Maracay),2104
Aragua,Sector El Mijaú (La Victoria),2121
Aragua,Sector Jovalito (La Victoria),2121
Aragua,Sector La Ceiba (La Victoria),2121
Aragua,Sector La Vaquera (Maracay),2104
Aragua,Sector Punta del Monte (La Victoria),2121
Aragua,Sector San José (La Victoria),2121
Aragua,Sergio Medina (Maracay),2103
Aragua,Simón Bolívar (El Consejo),2118
Aragua,Simón Rodríguez (Maracay),2103
Aragua,Soco (La Victoria),2121
Aragua,"Sorocaima I y II (19 de Abril, Maracay)",2107
Aragua,"Sucre (19 de Abril, Maracay)",2107
Aragua,Sucre (La Victoria),2121
Aragua,Sucre (Maracay),2102
Aragua,Surupei (Santa Cruz),2123
Aragua,Taguay,2335
Aragua,Tamarindo (Maracay),2103
Aragua,Tapatapa,2101
Aragua,Tejerías (Maracay),2105
Aragua,Tejerías (Tejerias),2119
Aragua,Tierra Amarilla (Tejerias),2119
Aragua,Tinapuey I y II (Tejerias),2119
Aragua,Tiuna (Maracay),2101
Aragua,Toronjal (Maracay),2104
Aragua,Trapiche del Medio (El Consejo),2118
Aragua,Tucutunemo,2126
Aragua,Turagua (Santa Cruz),2123
Aragua,Turmero (Turmero),2115
Aragua,Unión (San Mateo),2120
Aragua,Urbanización Andrés Bello,2101
Aragua,Urbanización Base Aragua,2101
Aragua,Urbanización Bermúdez (Maracay),2101
Aragua,Urbanización Calicanto (Maracay),2101
Aragua,Urbanización Caña de Azucar (Maracay),2101
Aragua,Urbanización El Castaño (Maracay),2101
Aragua,Urbanización El Limón (Maracay),2101
Aragua,Urbanización El Toro (Maracay),2101
Aragua,Urbanización Fundación Mendoza (Maracay),2103
Aragua,Urbanización Guey (Maracay),2101
Aragua,Urbanización José Felix Rivas,2101
Aragua,Urbanización La Arboleda (Maracay),2101
Aragua,Urbanización La Candelaria (Maracay),2101
Aragua,Urbanización La Floresta (Maracay),2101
Aragua,Urbanización La Rinconada (Maracay),2101
Aragua,Urbanización La Romana (Maracay),2101
Aragua,Urbanización La Soledad (Maracay),2101
Aragua,Urbanización Las Acacias (Maracay),2103
Aragua,Urbanización Los Caobos (Maracay),2101
Aragua,Urbanización Los Naranjos (Maracay),2101
Aragua,Urbanización Maracay (Maracay),2103
Aragua,Urbanización Piñonal (Maracay),2103
Aragua,Urbanización Piñonal Sur (Maracay),2103
Aragua,Urbanización San Isidro (Maracay),2103
Aragua,Urbanización San Jacinto (Maracay),2101
Aragua,Urbanización Santa Fé (Maracay),2101
Aragua,Urbanización Sergio Medina (Maracay),2103
Aragua,Urbanización Tiuna (Maracay),2101
Aragua,Valle Fresco (Turmero),2115
Aragua,"Valle Lindo I, II (Turmero)",2115
Aragua,Valle Morin,2338
Aragua,Valle Verde (Maracay),2101
Aragua,Valle Verde (Maracay),2105
Aragua,Vía Colonia Tovar (La Victoria),2121
Aragua,Victoria (La Victoria),2121
Aragua,Villa de Cura,2126
Aragua,Villa de Cura (Villa de Cura),2126
Aragua,Villa Zuica,2123
Aragua,Yarabi,2122
Aragua,Yarabí,2122
Aragua,Zamora,2120
Aragua,Zuata,2127
Barinas,Altamira,5208
Barinas,Arismendi,2201
Barinas,Barinas,5201
Barinas,Barinitas,5206
Barinas,Barrancas,5201
Barinas,Bruzual,5201
Barinas,Calderas,5207
Barinas,Capitanejo,5201
Barinas,Chameta,5216
Barinas,Ciudad Bolivia,5214
Barinas,Ciudad de Nutrias,5221
Barinas,Dolores,5217
Barinas,El Cantón,5201
Barinas,El Real,5201
Barinas,El Regalo,5201
Barinas,Guadarrama,2201
Barinas,La Cochinilla (Barinitas),5201
Barinas,La Luz,5201
Barinas,La Unión,2312
Barinas,Libertad,5220
Barinas,Maporal,5201
Barinas,Mijagual,5201
Barinas,Obispos,5213
Barinas,Otras Poblaciones,5201
Barinas,Pedraza la Vieja,5201
Barinas,Puerto Nutrias,5201
Barinas,Quebrada Seca,5067
Barinas,Quebrada Seca,5201
Barinas,Quintero,5201
Barinas,Sabaneta,5224
Barinas,Sacopó,5216
Barinas,San Rafael de Canagua,5201
Barinas,San Silvestre,5203
Barinas,San Vicente,5201
Barinas,Santa Barbara,5210
Barinas,Santa Catalina,5201
Barinas,Santa Inés,5201
Barinas,Santa Lucia,5201
Barinas,Santa Rosa,5219
Barinas,Torunos,5201
Barinas,Veguitas,5201
Bolívar,Aripao,8001
Bolívar,Caicara del Orinoco,8007
Bolívar,Ciudad Bolívar,8001
Bolívar,Ciudad Guayana,8050
Bolívar,Ciudad Piar,8003
Bolívar,Cuchiberos,8001
Bolívar,El Callao,8056
Bolívar,El Dorado,8050
Bolívar,El Manteco,8050
Bolívar,El Miamo,8050
Bolívar,El Palmar,8054
Bolívar,El Pao,8050
Bolívar,Guasipati,8050
Bolívar,Icabarú,8001
Bolívar,Jabillal,8050
Bolívar,Kanavayen,8001
Bolívar,La Canoa,8001
Bolívar,La Paragua,8001
Bolívar,La Urbina,8001
Bolívar,Las Bonitas,8001
Bolívar,Las Majadas,8001
Bolívar,Las Trincheras,8001
Bolívar,Los Castillos de Guayana,8050
Bolívar,Los Morichales,8001
Bolívar,Maripa,8009
Bolívar,Matanzas,8001
Bolívar,Moitaco,8001
Bolívar,Otras Poblaciones,8001
Bolívar,Puerto Ordáz,8050
Bolívar,Puruey,8001
Bolívar,San Félix,8051
Bolívar,San Francisco de La Paragua,8001
Bolívar,San Pedro de Las Bocas,8001
Bolívar,Santa Cruz de Orinoco,8001
Bolívar,Santa Elena de Uairén,8011
Bolívar,Santa Rosalía,8001
Bolívar,Santa Teresa de Canavayen,8001
Bolívar,Soledad,8013
Bolívar,Tumeremo,8057
Bolívar,Upata,8052
Bolívar,Vista Hermosa,8001
Carabobo,13 de Septiembre (Valencia),2001
Carabobo,19 de Abril (Valencia),2001
Carabobo,1º de Mayo,2006
Carabobo,1º de Mayo (Valencia),2001
Carabobo,24 Horas (Valencia),2001
Carabobo,3 de Mayo,2003
Carabobo,810 (Valencia),2001
Carabobo,Actoto Campesino Mirandita (Valencia),2001
Carabobo,Agua Blanca (Valencia),2001
Carabobo,Alegría (Valencia),2001
Carabobo,Alexander Burgos (Valencia),2001
Carabobo,Altos De Guaparo (Valencia),2001
Carabobo,Ambrosio Plaza (Valencia),2001
Carabobo,América (Valencia),2001
Carabobo,Andrés Bello (Valencia),2001
Carabobo,"Antonio José de Sucre Norte, Sur (Valencia)",2001
Carabobo,Aquiles Nazoa (Valencia),2001
Carabobo,Armando Celli (Valencia),2001
Carabobo,Atlas (Valencia),2001
Carabobo,Bárbula,2005
Carabobo,Barrera,2035
Carabobo,Base Naval,2050
Carabobo,Bejuma,2040
Carabobo,"Bella Vista I, II, III Etapa (Valencia)",2001
Carabobo,"Bello Monte 1, 2, 3",2003
Carabobo,Big Low Center,2003
Carabobo,Boca de Aroa,2052
Carabobo,Boca de Tocuyo,2053
Carabobo,Bocaina 1 y 2 (Valencia),2001
Carabobo,Borburata,2050
Carabobo,Bosque Serino,2006
Carabobo,Brisas del Sur (Valencia),2001
Carabobo,Brisas del Terminal (Valencia),2001
Carabobo,Cabriales (Valencia),2001
Carabobo,Camoruco (Valencia),2001
Carabobo,Campo Alegre (Valencia),2001
Carabobo,Campo Solo,2006
Carabobo,Canaima (Valencia),2001
Carabobo,Cañaveral (Valencia),2001
Carabobo,Canoabo,2040
Carabobo,Carabobo,2035
Carabobo,Carabobo (Campo),2035
Carabobo,"Carmen Norte, Sur (Valencia)",2001
Carabobo,Central Tacarigua,2003
Carabobo,Centro de Valencia (Valencia),2001
Carabobo,Cesar Giro (Valencia),2001
Carabobo,Chaguaramal (Valencia),2001
Carabobo,Chichiriviche,2054
Carabobo,Chirgua,2044
Carabobo,Ciudad Jardín Mañongo (Valencia),2001
Carabobo,Colinas de Guataparo (Valencia),2001
Carabobo,Concordia (Valencia),2001
Carabobo,Coromoto (Valencia),2001
Carabobo,Daimer (Valencia),2001
Carabobo,Democracia 1 y 2 (Valencia),2001
Carabobo,Don Bosco (Valencia),2001
Carabobo,El Bosque (Valencia),2001
Carabobo,El Calvario (Valencia),2001
Carabobo,El Cambur,2050
Carabobo,El Candelero (Valencia),2001
Carabobo,El Combate (Valencia),2001
Carabobo,El Consejo (Valencia),2001
Carabobo,El Morro 1 y 2,2006
Carabobo,El Pajal (Valencia),2001
Carabobo,El Palito,2050
Carabobo,El Palotal (Valencia),2001
Carabobo,El Parral (Valencia),2001
Carabobo,El Prado (Valencia),2001
Carabobo,"El Prebo I, II, III (Valencia)",2001
Carabobo,El Prebol (Valencia),2001
Carabobo,El Recreo (Valencia),2001
Carabobo,El Rincón (Valencia),2001
Carabobo,El Roble,2003
Carabobo,El Romancero (Valencia),2001
Carabobo,El Socorro (Valencia),2001
Carabobo,El Trigalito (Valencia),2001
Carabobo,El triunfo (Valencia),2001
Carabobo,El Trompillo,2010
Carabobo,El Viñedo (Valencia),2001
Carabobo,Escalona (Valencia),2001
Carabobo,Escorcha (Valencia),2001
Carabobo,Eutimio Rivas (Valencia),2001
Carabobo,Ezequiel Zamora (Valencia),2001
Carabobo,Federación (Valencia),2001
Carabobo,Finca (Los Taladros) (Valencia),2001
Carabobo,Flor Amarilla,2003
Carabobo,Flor Amarillo,2003
Carabobo,Flores (Valencia),2001
Carabobo,Florida Norte y Sur (Valencia),2001
Carabobo,Francisco de Miranda (Valencia),2001
Carabobo,Freddy Franco (Valencia),2001
Carabobo,Goaigoaza,2050
Carabobo,Guacara,2015
Carabobo,Guataparo Country Club (Valencia),2001
Carabobo,Güigüe,2010
Carabobo,Haras los Aguacates (Valencia),2001
Carabobo,Impacto 1 y 2 (Valencia),2001
Carabobo,Industrial Carabobo,2003
Carabobo,Industrial Castillito,2003
Carabobo,Industrial La Guacamaya (Valencia),2001
Carabobo,Industrial La Quizanda,2003
Carabobo,Industrial Municipal Norte,2003
Carabobo,Isabelita,2003
Carabobo,José Gregorio Hernández (Valencia),2001
Carabobo,José Regino Peña (Valencia),2001
Carabobo,Kerdel (Valencia),2001
Carabobo,La Arboleada (Valencia),2001
Carabobo,La Blanquera (Valencia),2001
Carabobo,La California (Valencia),2001
Carabobo,La Castellana (Valencia),2001
Carabobo,La Castrera (Valencia),2001
Carabobo,La Entrada,2005
Carabobo,La Esmeralda,2006
Carabobo,La Florida (Valencia),2001
Carabobo,"La Guacamaya 1ª, 2ª y 3ª Etapa (Valencia)",2001
Carabobo,La Isabelica,2003
Carabobo,La Línea (Valencia),2001
Carabobo,La Maestranza (Valencia),2001
Carabobo,La Manguita (Valencia),2001
Carabobo,La Milagrosa (Valencia),2001
Carabobo,La Planta (Valencia),2001
Carabobo,La Raya (Valencia),2001
Carabobo,La Romana (Valencia),2001
Carabobo,La Romanita (Valencia),2001
Carabobo,La Sorpresa,2050
Carabobo,La Trigaleña (Valencia),2001
Carabobo,La Unidad (Valencia),2001
Carabobo,La Viña (Valencia),2001
Carabobo,Las Acacias (Valencia),2001
Carabobo,Las Agüitas,2003
Carabobo,Las Clavellinas (Valencia),2001
Carabobo,Las Lomas (Valencia),2001
Carabobo,Las Quintas,2005
Carabobo,Las Trincheras,2005
Carabobo,Libertador (Valencia),2001
Carabobo,Llano Verde (Valencia),2001
Carabobo,Lomas de Funval (Valencia),2001
Carabobo,Lomas del Este (Valencia),2001
Carabobo,Los Alpes (Valencia),2001
Carabobo,Los Arales,2006
Carabobo,"Los Bucares 1, 2",2003
Carabobo,Los Caimitos (Valencia),2001
Carabobo,Los Caobos (Valencia),2001
Carabobo,Los Cerritos,2003
Carabobo,Los Colorados (Valencia),2001
Carabobo,Los Criollitos (Valencia),2001
Carabobo,Los Guayos,2003
Carabobo,Los Harales,2006
Carabobo,Los Jardines (Valencia),2001
Carabobo,Los Magallanes,2006
Carabobo,Los Mangos (Valencia),2001
Carabobo,Los Manguitos (Valencia),2001
Carabobo,Los Naranjos (Valencia),2001
Carabobo,Los Nísperos (Valencia),2001
Carabobo,Los Parques (Valencia),2001
Carabobo,Los Pozones (Valencia),2001
Carabobo,Los Sauces (Valencia),2001
Carabobo,Los Taladros (Valencia),2001
Carabobo,Los Viveros (Valencia),2001
Carabobo,Luis Herrera Campins (Valencia),2001
Carabobo,Mañonguito (Valencia),2001
Carabobo,Máximo Romero (Valencia),2001
Carabobo,"Mendoza 1, 2, 3, 4, 5, 6 y 7 (Valencia)",2001
Carabobo,Michelena Norte y Sur,2001
Carabobo,Miguel Aché (Valencia),2001
Carabobo,Miranda,2041
Carabobo,Montalban,2042
Carabobo,Monte Serino,2006
Carabobo,Monumental (Valencia),2001
Carabobo,Morón,2051
Carabobo,Naguanagua,2005
Carabobo,Otras Poblaciones,2001
Carabobo,Padre Alonzo (Valencia),2001
Carabobo,Palma Real (Valencia),2001
Carabobo,Paraparal,2003
Carabobo,Parque el Trigal,2001
Carabobo,Parque Valencia,2003
Carabobo,Paso Real,2003
Carabobo,Patanemo,2050
Carabobo,Piedras Negras,2003
Carabobo,Piedras Pintadas,2001
Carabobo,Pueblo de Belén,2039
Carabobo,Pueblo de Maraira,2017
Carabobo,Pueblo de San Diego,2006
Carabobo,Puerto Cabello,2050
Carabobo,Punto Nutria,2050
Carabobo,Rancho Grande,2050
Carabobo,Renny Ottolina (Valencia),2001
Carabobo,Ricardo Urriera (Valencia),2001
Carabobo,Rinconcito Mañongo (Valencia),2001
Carabobo,Ritec (Valencia),2001
Carabobo,Rosarito (Valencia),2001
Carabobo,"Ruiz Pineda 1, 2 y 3 (Valencia)",2001
Carabobo,Sabana Larga (Valencia),2001
Carabobo,San Agustín (Valencia),2001
Carabobo,"San Blas 1, 2 (Valencia)",2001
Carabobo,San Blas Viejo (Valencia),2001
Carabobo,San Diego,2006
Carabobo,San Joaquín,2018
Carabobo,San José de Tarbes (Valencia),2001
Carabobo,San Rafael (Valencia),2001
Carabobo,San Sebastián (Valencia),2001
Carabobo,Santa Ana (Valencia),2001
Carabobo,Santa Cecilia (Valencia),2001
Carabobo,Santa Eduvigis,2005
Carabobo,Santa Teresa (Valencia),2001
Carabobo,Sesquicentenario (Valencia),2001
Carabobo,Simón Bolívar (Valencia),2001
Carabobo,Taborda,2050
Carabobo,Terraza de los Nísperos (Valencia),2001
Carabobo,Tocuyito,2035
Carabobo,Tocuyo de La Costa,2053
Carabobo,"Trigal Norte, Sur, Centro (Valencia)",2001
Carabobo,Tucacas,2055
Carabobo,Unión (Valencia),2001
Carabobo,Urabanización Piedras Pintada,2001
Carabobo,Urama,2051
Carabobo,Urbanización Alegria,2001
Carabobo,Urbanización Altos de Guaparo,2001
Carabobo,Urbanización Camoruco,2001
Carabobo,Urbanización Campo Alegre,2001
Carabobo,Urbanización Campo Solo,2001
Carabobo,Urbanización Carabobo,2001
Carabobo,Urbanización chaguaramal,2001
Carabobo,Urbanización Ciudad Alianza,2016
Carabobo,Urbanización Ciudad Jardin Mañongo,2001
Carabobo,Urbanización Colinas de Guataparo,2001
Carabobo,Urbanización Colon,2005
Carabobo,Urbanización Don Bosco,2001
Carabobo,Urbanización El Bosque,2001
Carabobo,Urbanización el Morro,2006
Carabobo,Urbanización El Morro 1 y 2,2001
Carabobo,Urbanización El Palotal,2001
Carabobo,Urbanización El Parral,2001
Carabobo,Urbanización El Prado,2001
Carabobo,Urbanización El Prebo I II III,2001
Carabobo,Urbanización El Prebol,2001
Carabobo,Urbanización El Recreo,2001
Carabobo,Urbanización El Trigalito,2001
Carabobo,Urbanización El Viñedo,2001
Carabobo,Urbanización Flor Amarillo,2003
Carabobo,Urbanización Fundación Mendoza,2001
Carabobo,Urbanización Guatsaparo Country Club,2001
Carabobo,Urbanización Guayabal,2001
Carabobo,Urbanización Kerdel,2001
Carabobo,Urbanización La Arboleda,2001
Carabobo,Urbanización La Castellana,2001
Carabobo,Urbanización La Esmeralda,2001
Carabobo,Urbanización La Guacamaya 1 2 3 Etapa,2005
Carabobo,Urbanización La Isabelica,2003
Carabobo,Urbanización La Trigaleña,2001
Carabobo,Urbanización La Viña,2001
Carabobo,Urbanización Las Acacias,2001
Carabobo,Urbanización Las Clavellinas,2001
Carabobo,Urbanización Las Quintas,2005
Carabobo,Urbanización Lomas Del Este,2001
Carabobo,Urbanización Los Arales,2006
Carabobo,Urbanización Los Bucares 1 y 2,2003
Carabobo,Urbanización Los Jardines,2001
Carabobo,Urbanización Los Magallanes,2006
Carabobo,Urbanización Los Naranjos,2001
Carabobo,Urbanización Los Nisperos,2001
Carabobo,Urbanización Los Sauces,2001
Carabobo,Urbanización Mendoza 1.2.3.4.5.6.y.7,2001
Carabobo,Urbanización Michelena Norte y Sur,2001
Carabobo,Urbanización Monte Serino,2001
Carabobo,Urbanización Nueva Esparta,2001
Carabobo,Urbanización Paraparal,2001
Carabobo,Urbanización Parque El Trigal,2001
Carabobo,Urbanización Parque Valencia,2001
Carabobo,Urbanización Paso Real,2001
Carabobo,Urbanizacion Ritec,2001
Carabobo,Urbanización Terraza De Los Nisperos,2001
Carabobo,Urbanización Trigal Norte Sur Centro,2001
Carabobo,Urbanización Valle De Camoruco,2001
Carabobo,Urbsanización Castillito,2001
Carabobo,Urdaneta,2001
Carabobo,Valle De Aguirre,2001
Carabobo,Valle de Aguirre,2041
Carabobo,Valle de Camoruco (Valencia),2001
Carabobo,Venezuela (Valencia),2001
Carabobo,Victoria,2001
Carabobo,Victoria (Valencia),2001
Carabobo,Vigirima,2001
Carabobo,Vigirima,2015
Carabobo,Villa Jardín,2035
Carabobo,Vivienda Popular De Los Guayos,2001
Carabobo,Vivienda Popular de los Guayos,2003
Carabobo,Vivienda Rural los Arales,2006
Carabobo,Yagua,2001
Carabobo,Yagua,2015
Carabobo,Yuma 1 y 2,2006
Carabobo,Zona Industrial La Isabelica,2003
Cojedes,Agua Linda,2201
Cojedes,Apartaderos,2201
Cojedes,Arismendi,2213
Cojedes,Cojedes,2209
Cojedes,Cojeditos,2201
Cojedes,El Amparo,2216
Cojedes,El Baúl,2213
Cojedes,El Pao,2214
Cojedes,El Torito,6401
Cojedes,Guadarrama,2213
Cojedes,La Aguadita,2207
Cojedes,La Sierra,2203
Cojedes,Las Vegas,2204
Cojedes,Libertad de Cojedes,2216
Cojedes,Macapo,2207
Cojedes,Manrique,2203
Cojedes,Otras Poblaciones,2201
Cojedes,Otras Poblaciones,6401
Cojedes,San Carlos,2201
Cojedes,Tinaco,2206
Cojedes,Tinaquillo,2209
Cojedes,Vallecito,2207
Delta Amacuro,Coporito,6401
Delta Amacuro,Curiapo,6401
Delta Amacuro,La Orquesta,6401
Delta Amacuro,Macareito,6401
Delta Amacuro,Pedernales,6401
Delta Amacuro,Piacoa,6401
Delta Amacuro,Sacupana,6401
Delta Amacuro,San José de Mazareito,6401
Delta Amacuro,Santa Catalina,6401
Delta Amacuro,Tabasca,6401
Delta Amacuro,Tucupita,6401
Delta Amacuro,Uracoa,6401
Distrito Capital,Antímano (Caracas),1000
Distrito Capital,Aragüita,1223
Distrito Capital,Barrio 11 de Agosto (Caracas),1010
Distrito Capital,Barrio 12 de Octubre (Caracas),1073
Distrito Capital,Barrio 1º de Noviembre (Caracas),1073
Distrito Capital,Barrio 24 de Julio (Caracas),1073
Distrito Capital,Barrio 29 de Julio (Caracas),1020
Distrito Capital,Barrio 5 de Julio (Caracas),1073
Distrito Capital,Barrio Agricultura (Caracas),1073
Distrito Capital,Barrio Agua Amarilla (Caracas),1073
Distrito Capital,Barrio Aguacatico (Caracas),1073
Distrito Capital,Barrio Aguacaticos (Caracas),1040
Distrito Capital,Barrio Ajuro (Caracas),1040
Distrito Capital,Barrio Alberto Ravell (Caracas),1010
Distrito Capital,Barrio Alcabala (Caracas),1073
Distrito Capital,Barrio Alfredo Rojas (Caracas),1020
Distrito Capital,Barrio Altos de Cútira (Caracas),1030
Distrito Capital,Barrio Altos de Lídice (Caracas),1010
Distrito Capital,Barrio Anauco (Caracas),1010
Distrito Capital,Barrio Andrés Bello (Caracas),1050
Distrito Capital,Barrio Andrés Eloy Blanco (Caracas),1030
Distrito Capital,Barrio Angarita (Caracas),1030
Distrito Capital,Barrio Antonio José de Sucre (Caracas),1073
Distrito Capital,Barrio Atlántico (Caracas),1030
Distrito Capital,Barrio Bambú (Caracas),1010
Distrito Capital,Barrio Boca de Lobo (Caracas),1000
Distrito Capital,Barrio Bosque de la Virgen (Caracas),1083
Distrito Capital,Barrio Brisas de Casalta (Caracas),1030
Distrito Capital,Barrio Brisas de Petare (Caracas),1073
Distrito Capital,Barrio Brisas de Propatria (Caracas),1030
Distrito Capital,Barrio Brisas del Paraíso (Caracas),1020
Distrito Capital,Barrio Bruzual (Caracas),1040
Distrito Capital,Barrio Buenos Aires El Paraiso,1020
Distrito Capital,Barrio Buenos Aires Petare,1073
Distrito Capital,Barrio Campo Rico (Caracas),1073
Distrito Capital,Barrio Caño Amarillo (Caracas),1030
Distrito Capital,Barrio Caraballo (Caracas),1000
Distrito Capital,Barrio Carapa (Caracas),1000
Distrito Capital,Barrio Carapita (Caracas),1000
Distrito Capital,Barrio Caucagüita,1073
Distrito Capital,Barrio Centro Italo (Caracas),1080
Distrito Capital,Barrio Cerro Grande (Caracas),1040
Distrito Capital,Barrio Colón (Caracas),1030
Distrito Capital,Barrio Copey (Caracas),1000
Distrito Capital,Barrio Coromoto (Caracas),1020
Distrito Capital,Barrio Corral de Piedra (Caracas),1000
Distrito Capital,Barrio Cortada de Catia (Caracas),1030
Distrito Capital,Barrio Cortijos (Caracas),1050
Distrito Capital,Barrio Cotiza (Caracas),1010
Distrito Capital,Barrio Cristal (Caracas),1000
Distrito Capital,Barrio El Algodonal (Caracas),1020
Distrito Capital,Barrio El Calvario (Caracas),1030
Distrito Capital,Barrio El Campito (Caracas),1073
Distrito Capital,Barrio El Carmen Catia,1030
Distrito Capital,Barrio El Cerrito (Caracas),1073
Distrito Capital,Barrio El Desvío (Caracas),1040
Distrito Capital,Barrio El Encanto (Caracas),1073
Distrito Capital,Barrio El Esfuerzo (Caracas),1073
Distrito Capital,Barrio El Guarataro (Caracas),1020
Distrito Capital,Barrio El Güire (Caracas),1080
Distrito Capital,Barrio El Mamón (Caracas),1010
Distrito Capital,Barrio El Manguito San Agustin del Sur,1010
Distrito Capital,Barrio El Matadero (Caracas),1073
Distrito Capital,Barrio El Mirador (Caracas),1030
Distrito Capital,Barrio El Morro (Caracas),1073
Distrito Capital,Barrio El Mosquito (Caracas),1073
Distrito Capital,Barrio El Nazareno (Caracas),1030
Distrito Capital,Barrio El Observatorio (Caracas),1030
Distrito Capital,Barrio El Refugio (Caracas),1030
Distrito Capital,Barrio El Retiro (Caracas),1010
Distrito Capital,Barrio El Sifón (Caracas),1000
Distrito Capital,Barrio El Triángulo El Cementerio,1040
Distrito Capital,Barrio El Triángulo La Vega,1020
Distrito Capital,Barrio Fátima I y II (Caracas),1073
Distrito Capital,Barrio Fundación Mendoza (Caracas),1073
Distrito Capital,Barrio Gato Negro (Caracas),1030
Distrito Capital,Barrio Gramoven (Caracas),1030
Distrito Capital,Barrio Guaicaipuro I (Caracas),1030
Distrito Capital,Barrio Guaicaipuro II (Caracas),1030
Distrito Capital,Barrio Guaicoco (Caracas),1073
Distrito Capital,Barrio Guzmán Blanco (Caracas),1020
Distrito Capital,Barrio Hoyada (Caracas),1020
Distrito Capital,Barrio Hoyo de Las Delicias (Caracas),1050
Distrito Capital,Barrio Isaías Medina (Caracas),1030
Distrito Capital,Barrio Jardín (Caracas),1010
Distrito Capital,Barrio José Félix Rivas (Caracas),1073
Distrito Capital,Barrio José Gregorio Hernández (Caracas),1010
Distrito Capital,Barrio Juan XXIII (Caracas),1000
Distrito Capital,Barrio Julián Blanco (Caracas),1073
Distrito Capital,Barrio La Bandera (Caracas),1040
Distrito Capital,Barrio La Barraca (Caracas),1040
Distrito Capital,Barrio La Bombilla (Caracas),1073
Distrito Capital,Barrio La Ceiba (Caracas),1010
Distrito Capital,Barrio La Ceibita (Caracas),1040
Distrito Capital,Barrio La Charneca (Caracas),1010
Distrito Capital,Barrio La Cuesta (Caracas),1073
Distrito Capital,Barrio La Dolorita (Caracas),1073
Distrito Capital,Barrio La Fénix (Caracas),1073
Distrito Capital,Barrio La Lagunita (Caracas),1073
Distrito Capital,Barrio La Libertad (Caracas),1073
Distrito Capital,Barrio La Línea (Caracas),1073
Distrito Capital,Barrio La Mampita (Caracas),1073
Distrito Capital,Barrio La Matanza (Caracas),1040
Distrito Capital,Barrio La Pedrera (Caracas),1073
Distrito Capital,Barrio La Planada (Caracas),1073
Distrito Capital,Barrio La Puma Rosa (Caracas),1073
Distrito Capital,Barrio La Rubia (Caracas),1073
Distrito Capital,Barrio La Silsa (Caracas),1030
Distrito Capital,Barrio La Trilla (Caracas),1010
Distrito Capital,Barrio La Veguita (Caracas),1020
Distrito Capital,Barrio La Yagüara II (Caracas),1000
Distrito Capital,Barrio Ladera (Caracas),1020
Distrito Capital,Barrio Larrazabal (Caracas),1030
Distrito Capital,Barrio Las Adjuntas (Caracas),1000
Distrito Capital,Barrio Las Luces (Caracas),1040
Distrito Capital,Barrio Las Mayas (Caracas),1090
Distrito Capital,Barrio Las Tapias (Caracas),1073
Distrito Capital,Barrio Las Tunítas (Caracas),1030
Distrito Capital,Barrio Lídice (Caracas),1010
Distrito Capital,Barrio Los Alpes (Caracas),1040
Distrito Capital,Barrio Los Andinos (Caracas),1010
Distrito Capital,Barrio Los Cangilones (Caracas),1020
Distrito Capital,Barrio Los Cujicitos La Vega,1020
Distrito Capital,Barrio Los Cujicitos San Jose,1010
Distrito Capital,Barrio Los Erasos (Caracas),1010
Distrito Capital,Barrio Los Eucaliptos (Caracas),1020
Distrito Capital,Barrio Los Frailes,1030
Distrito Capital,Barrio Los Higitos,1030
Distrito Capital,Barrio Los Lanos (Caracas),1010
Distrito Capital,Barrio Los Manolos (Caracas),1050
Distrito Capital,Barrio Los Mecedores (Caracas),1010
Distrito Capital,Barrio Los Paraparos (Caracas),1020
Distrito Capital,Barrio Maca (Caracas),1073
Distrito Capital,Barrio Mamera (Caracas),1000
Distrito Capital,Barrio Marín (Caracas),1010
Distrito Capital,Barrio Medina Angarita (Caracas),1073
Distrito Capital,Barrio Mesuca (Caracas),1073
Distrito Capital,Barrio Minas de Baruta (Caracas),1080
Distrito Capital,Barrio Monseñor Lebrúm (Caracas),1073
Distrito Capital,Barrio Naranjal 1 y 2 (Caracas),1020
Distrito Capital,Barrio Nazareno (Caracas),1073
Distrito Capital,Barrio Negro Primero (Caracas),1073
Distrito Capital,Barrio Nuevo Chapellin (Caracas),1050
Distrito Capital,Barrio Nuevo Mundo (Caracas),1020
Distrito Capital,Barrio Palo Grande (Caracas),1020
Distrito Capital,Barrio Parate Bueno,1000
Distrito Capital,Barrio Plan de Manzano,1030
Distrito Capital,Barrio Providencia,1040
Distrito Capital,Barrio Puerta de Caracas,1010
Distrito Capital,Barrio Quebrada Honda,1050
Distrito Capital,Barrio Ruperto Lugo,1030
Distrito Capital,Barrio Sabana Del Blanco,1010
Distrito Capital,Barrio San Andrés,1040
Distrito Capital,Barrio San Miguel Cota 905,1020
Distrito Capital,Barrio San Pascual,1073
Distrito Capital,Barrio San Rafael o Sucre,1020
Distrito Capital,Barrio Simon Bolívar,1030
Distrito Capital,Barrio Unidos,1000
Distrito Capital,Barrio Valle Fresco,1073
Distrito Capital,Barrio Zamora,1040
Distrito Capital,Baruta (Caracas),1080
Distrito Capital,Bella Vista (Caracas),1073
Distrito Capital,Birongo,1232
Distrito Capital,Cafetal (Caracas),1061
Distrito Capital,Candelaria (Caracas),1010
Distrito Capital,Caricuao (Caracas),1083
Distrito Capital,Carmeliatas (Caracas),1010
Distrito Capital,Carpintero (Caracas),1073
Distrito Capital,Centro Comercial Tamanaco (Caracas),1064
Distrito Capital,Centro Médico Docente (Caracas),1083
Distrito Capital,Chichiriviche,1162
Distrito Capital,Colonia Mendoza,1209
Distrito Capital,Corocito,1209
Distrito Capital,El Clavo,1241
Distrito Capital,El Polvorín (Caracas),1010
Distrito Capital,El Valle,1090
Distrito Capital,La Candelaria (Caracas),1010
Distrito Capital,La Democracia,1209
Distrito Capital,La Pastora (Caracas),1010
Distrito Capital,La Vega (Caracas),1020
Distrito Capital,Las Casitas (Caracas),1020
Distrito Capital,Llanos de Miquillen,1201
Distrito Capital,Loma del Aguila (Caracas),1080
Distrito Capital,Lomas de Terrabel (Caracas),1083
Distrito Capital,Los Magallanes,1030
Distrito Capital,Macarao (Caracas),1000
Distrito Capital,Merecure,1241
Distrito Capital,Otras Poblaciones o Sectores,1020
Distrito Capital,Panaquire,1226
Distrito Capital,Paraíso (Caracas),1020
Distrito Capital,Párate Bueno (Caracas),1000
Distrito Capital,Parroquia Altagracia (Caracas),1010
Distrito Capital,Parroquia Catedral (Caracas),1010
Distrito Capital,Parroquia Santa Teresa (Caracas),1010
Distrito Capital,Pérez Bonalde (Caracas),1030
Distrito Capital,Piedra Azul (Caracas),1080
Distrito Capital,Piedras Pintadas (Caracas),1083
Distrito Capital,Pinto Salinas (Caracas),1050
Distrito Capital,Plaza Venezuela (Caracas),1050
Distrito Capital,Potrerito (Caracas),1090
Distrito Capital,Prado de María (Caracas),1040
Distrito Capital,Primero de Mayo (Caracas),1010
Distrito Capital,Propatria,1030
Distrito Capital,Providencia (Caracas),1040
Distrito Capital,Puerta de Caracas (Caracas),1010
Distrito Capital,Quebrada Honda (Caracas),1050
Distrito Capital,Quinta Crespo (Caracas),1010
Distrito Capital,Quiripital,1209
Distrito Capital,Ruiz Pineda (Caracas),1000
Distrito Capital,Sabana de Blanco,1010
Distrito Capital,Sabana Grande (Caracas),1050
Distrito Capital,San Agustín del Norte (Caracas),1010
Distrito Capital,San Agustín del Sur (Caracas),1010
Distrito Capital,San Andrés (Caracas),1040
Distrito Capital,San Antonio (Caracas),1040
Distrito Capital,San Antonio Landér,1215
Distrito Capital,San Antonio(Caracas),1050
Distrito Capital,San Bernardino (Caracas),1010
Distrito Capital,San José (Caracas),1010
Distrito Capital,San José del Avila (Caracas),1010
Distrito Capital,San Luis (Caracas),1061
Distrito Capital,San Marino (Caracas),1060
Distrito Capital,San Martín (Caracas),1020
Distrito Capital,San Michele (Caracas),1071
Distrito Capital,San Miguel (Caracas),1020
Distrito Capital,San Miguel (Caracas),1040
Distrito Capital,San Miguel (Caracas),1073
Distrito Capital,San Pascual (Caracas),1073
Distrito Capital,San Rafael o Sucre (Caracas),1020
Distrito Capital,San Román (Caracas),1061
Distrito Capital,Sans Souci (Caracas),1050
Distrito Capital,Santa Ana (Caracas),1061
Distrito Capital,Santa Barbara,1243
Distrito Capital,Santa Cecilia (Caracas),1071
Distrito Capital,Santa Clara (Caracas),1061
Distrito Capital,Santa Eduvigis (Caracas),1071
Distrito Capital,Santa Fe (Caracas),1080
Distrito Capital,Santa Gertrudis,1080
Distrito Capital,Santa Inés (Caracas),1080
Distrito Capital,Santa María (Caracas),1071
Distrito Capital,Santa Marta (Caracas),1061
Distrito Capital,Santa Mónica (Caracas),1040
Distrito Capital,Santa Rosa (Caracas),1050
Distrito Capital,Santa Sofía (Caracas),1061
Distrito Capital,Sarría (Caracas),1050
Distrito Capital,Sartenejas (Caracas),1080
Distrito Capital,Simón Rodríguez (Caracas),1050
Distrito Capital,Solares del Carmen (Caracas),1083
Distrito Capital,Sorocaima (Caracas),1080
Distrito Capital,Taguao,1162
Distrito Capital,Tapipa,1224
Distrito Capital,Terrazas de Carapita (Caracas),1000
Distrito Capital,Terrazas de Caricuao (Caracas),1000
Distrito Capital,Turiamo (Caracas),1020
Distrito Capital,U.C.V. (Caracas),1053
Distrito Capital,Unidos (Caracas),1000
Distrito Capital,Unión (Caracas),1020
Distrito Capital,Urbanización (Caracas),1073
Distrito Capital,Urbanización 23 de Enero (Caracas),1030
Distrito Capital,Urbanización Alberto Ravell (Caracas),1040
Distrito Capital,Urbanización Alegría (Caracas),1071
Distrito Capital,Urbanización Alta Florida (Caracas),1050
Distrito Capital,Urbanización Alta Vista (Caracas),1030
Distrito Capital,Urbanización Artígas (Caracas),1020
Distrito Capital,Urbanización Arvelo (Caracas),1020
Distrito Capital,Urbanización Bella Vista (Caracas),1020
Distrito Capital,Urbanización Bello Monte (Caracas),1050
Distrito Capital,Urbanización Bicentenario (Caracas),1090
Distrito Capital,Urbanización Bolívar (Caracas),1060
Distrito Capital,Urbanización Buen Pastor (Caracas),1071
Distrito Capital,Urbanización Buena Vista (Caracas),1073
Distrito Capital,Urbanización Campo Claro (Caracas),1071
Distrito Capital,Urbanización Cañada de La Iglesia (Caracas),1030
Distrito Capital,Urbanización Cantarrana (Caracas),1080
Distrito Capital,Urbanización Caricuao (Caracas),1000
Distrito Capital,Urbanización Casalta II (Caracas),1030
Distrito Capital,Urbanización Casalta III (Caracas),1030
Distrito Capital,Urbanización Catia (Caracas),1030
Distrito Capital,Urbanización Cementerio (Caracas),1040
Distrito Capital,Urbanización Chacaito (Caracas),1050
Distrito Capital,Urbanización Chapellín,1050
Distrito Capital,Urbanización Charallavito (Caracas),1080
Distrito Capital,Urbanización Ciudad Industrial Catia (Caracas),1030
Distrito Capital,Urbanización Coche (Caracas),1090
Distrito Capital,Urbanización Cochecito (Caracas),1090
Distrito Capital,Urbanización Colinas de Bella Vista (Caracas),1020
Distrito Capital,Urbanización Colinas de Coche (Caracas),1090
Distrito Capital,Urbanización Colinas de Las Acacias (Caracas),1040
Distrito Capital,Urbanización Colinas de Los Caobos (Caracas),1050
Distrito Capital,Urbanización Colinas de Los Chaguaramos (Caracas),1040
Distrito Capital,Urbanización Colinas de Santa Mónica (Caracas),1040
Distrito Capital,Urbanización Colinas de Vista Alegre (Caracas),1020
Distrito Capital,Urbanización Continente (Caracas),1030
Distrito Capital,Urbanización Coracrevi (Caracas),1080
Distrito Capital,Urbanización Cortijos de Sarría (Caracas),1050
Distrito Capital,Urbanización Cristóbal Rojas (Caracas),1090
Distrito Capital,Urbanización Delgado Chalbaud (Caracas),1090
Distrito Capital,Urbanización Diego de Lozada (Caracas),1010
Distrito Capital,Urbanización El Amparo (Caracas),1030
Distrito Capital,Urbanización El Bosque,1050
Distrito Capital,Urbanización El Bosque (Caracas),1050
Distrito Capital,Urbanización El Conde (Caracas),1010
Distrito Capital,Urbanización El Estadio (Caracas),1020
Distrito Capital,Urbanización El Manicomio,1030
Distrito Capital,Urbanización El Paraíso (Caracas),1020
Distrito Capital,Urbanización El Parque (Caracas),1071
Distrito Capital,Urbanización El Pinar (Caracas),1020
Distrito Capital,Urbanización El Rosario (Caracas),1071
Distrito Capital,Urbanización El Silencio (Caracas),1010
Distrito Capital,Urbanización El Topito (Caracas),1010
Distrito Capital,Urbanización Gran Colombia (Caracas),1040
Distrito Capital,Urbanización Guaicaipuro (Caracas),1050
Distrito Capital,Urbanización Guaicay (Caracas),1080
Distrito Capital,Urbanización Hijos de Dios (Caracas),1010
Distrito Capital,Urbanización Hipódromo (Caracas),1090
Distrito Capital,Urbanización Horizonte (Caracas),1071
Distrito Capital,Urbanización Hornos de Cal (Caracas),1010
Distrito Capital,Urbanización Industrial (Caracas),1030
Distrito Capital,Urbanización Industrial Carapa (Caracas),1000
Distrito Capital,Urbanización Industrial La Yaguara (Caracas),1020
Distrito Capital,Urbanización Industrial San Martín (Caracas),1020
Distrito Capital,Urbanización Kennedy (Caracas),1000
Distrito Capital,Urbanización La Campiña (Caracas),1050
Distrito Capital,Urbanización La Colina (Caracas),1050
Distrito Capital,Urbanización La Florida (Caracas),1050
Distrito Capital,Urbanización La Hacienda (Caracas),1000
Distrito Capital,Urbanización La Haciendita (Caracas),1000
Distrito Capital,Urbanización La Montaña (Caracas),1020
Distrito Capital,Urbanización La Palmita (Caracas),1010
Distrito Capital,Urbanización La Paz (Caracas),1020
Distrito Capital,Urbanización La Quebradita (Caracas),1020
Distrito Capital,Urbanización La Rinconada (Caracas),1090
Distrito Capital,Urbanización La Unión (Caracas),1083
Distrito Capital,Urbanización La Vizcaya (Caracas),1061
Distrito Capital,Urbanización Las Américas (Caracas),1020
Distrito Capital,Urbanización Las Delicias (Caracas),1050
Distrito Capital,Urbanización Las Dos Rosas (Caracas),1020
Distrito Capital,Urbanización Las Flores de Puente Hierro (Caracas),1010
Distrito Capital,Urbanización Las Fuentes (Caracas),1020
Distrito Capital,Urbanización Las Lomas,1080
Distrito Capital,Urbanización Las Lomas (Caracas),1080
Distrito Capital,Urbanización Las Lomas de La Florida (Caracas),1050
Distrito Capital,Urbanización Las Lomas de San Rafael (Caracas),1050
Distrito Capital,Urbanización Las Lomitas (Caracas),1020
Distrito Capital,Urbanización Las Marías (Caracas),1083
Distrito Capital,Urbanización Las Mesetas (Caracas),1061
Distrito Capital,Urbanización Las Palmas (Caracas),1050
Distrito Capital,Urbanización Loira (Caracas),1020
Distrito Capital,Urbanización Lomas de Propatria (Caracas),1030
Distrito Capital,Urbanización Lomas de San Román (Caracas),1061
Distrito Capital,Urbanización Lomas de Santa Marta (Caracas),1061
Distrito Capital,Urbanización Lomas de Urdaneta,1030
Distrito Capital,Urbanización Lomas del Mirador (Caracas),1061
Distrito Capital,Urbanización Longaray (Caracas),1040
Distrito Capital,Urbanización Los Campitos (Caracas),1080
Distrito Capital,Urbanización Los Caobos (Caracas),1050
Distrito Capital,Urbanización Los Carmenes (Caracas),1040
Distrito Capital,Urbanización Los Castaños (Caracas),1040
Distrito Capital,Urbanización Los Cedros (Caracas),1050
Distrito Capital,Urbanización Los Chaguaramos (Caracas),1040
Distrito Capital,Urbanización los flores de Catia,1030
Distrito Capital,Urbanización Los Geranios (Caracas),1083
Distrito Capital,Urbanización Los Guayabitos (Caracas),1080
Distrito Capital,Urbanización Los Laureles (Caracas),1020
Distrito Capital,"Urbanización Los Mangos (La Florida, Caracas)",1050
Distrito Capital,"Urbanización Los Mangos (San Martín, Caracas)",1020
Distrito Capital,Urbanización Los Molinos (Caracas),1020
Distrito Capital,Urbanización Los Palos Grandes (Caracas),1060
Distrito Capital,Urbanización Los Pomelos (Caracas),1061
Distrito Capital,Urbanización Los Rosales (Caracas),1040
Distrito Capital,Urbanización Luis Hurtado,1030
Distrito Capital,Urbanización Mariperez (Caracas),1050
Distrito Capital,"Urbanización Miranda (Casalta, Caracas)",1030
Distrito Capital,Urbanización Mis Encantos (Caracas),1060
Distrito Capital,Urbanización Montalban (Caracas),1020
Distrito Capital,Urbanización Monte Cristo (Caracas),1071
Distrito Capital,Urbanización Monte Elena (Caracas),1080
Distrito Capital,Urbanización Monte Piedad,1030
Distrito Capital,Urbanización Monte Piedad (Caracas),1030
Distrito Capital,Urbanización Monterrey (Caracas),1080
Distrito Capital,Urbanización Nueva Caracas (Caracas),1030
Distrito Capital,Urbanización Nueva Granada,1040
Distrito Capital,Urbanización Oritopo (Caracas),1083
Distrito Capital,Urbanización Parque Avila (Caracas),1050
Distrito Capital,Urbanización Parque Carabobo (Caracas),1010
Distrito Capital,Urbanización Parque Central (Caracas),1010
Distrito Capital,Urbanización Parque Humboldt (Caracas),1080
Distrito Capital,Urbanización Pedro Camejo (Caracas),1050
Distrito Capital,Urbanización Perez Bonalde,1030
Distrito Capital,Urbanización Piedra Azul,1080
Distrito Capital,Urbanización Pinto Salinas,1050
Distrito Capital,Urbanización Potrerito,1090
Distrito Capital,Urbanización Prados De Maria,1040
Distrito Capital,Urbanización Propatria,1030
Distrito Capital,Urbanización Quinta Crespo,1010
Distrito Capital,Urbanización Ruiz Pineda,1000
Distrito Capital,Urbanización Sabana Grande,1050
Distrito Capital,Urbanización San Agustin Del Norte,1010
Distrito Capital,Urbanización San Agustin Del Sur,1010
Distrito Capital,Urbanización San Antonio El Valle,1040
Distrito Capital,Urbanización San Antonio Sabana Grande,1050
Distrito Capital,Urbanización San Bernardino,1010
Distrito Capital,Urbanización San Jose Del Avila,1010
Distrito Capital,Urbanización San Luis,1061
Distrito Capital,Urbanización San Marino,1060
Distrito Capital,Urbanización San Martín,1020
Distrito Capital,Urbanización San Michele,1071
Distrito Capital,Urbanización San Román,1061
Distrito Capital,Urbanización Santa Ana,1061
Distrito Capital,Urbanización Santa Cecilia,1071
Distrito Capital,Urbanización Santa Clara,1061
Distrito Capital,Urbanización Santa Maria,1071
Distrito Capital,Urbanización Santa Monica,1040
Distrito Capital,Urbanización Santa Rosa,1050
Distrito Capital,Urbanización Santa Rosa De Lima,1061
Distrito Capital,Urbanización Sarria,1050
Distrito Capital,Urbanización Simon Rodriguez,1050
Distrito Capital,Urbanización Terraza De Caricuao,1000
Distrito Capital,Urbanización Terraza De Santa Monica,1040
Distrito Capital,Urbanización Urdaneta,1030
Distrito Capital,Urbanización Valle Abajo,1040
Distrito Capital,Urbanización Valle Alto,1073
Distrito Capital,Urbanización Valmore Rodriguez,1000
Distrito Capital,Urbanización Villa Zoila,1020
Distrito Capital,Urbanización Vista Alegre,1020
Distrito Capital,Urbanización Washington,1020
Distrito Capital,Urdaneta (Caracas),1030
Distrito Capital,Valle Abajo (Caracas),1040
Distrito Capital,Valle Alto (Caracas),1073
Distrito Capital,Valle Arriba (Caracas),1061
Distrito Capital,Valle Fresco (Caracas),1073
Distrito Capital,Valmore Rodriguez (Caracas),1083
Distrito Capital,Valmore Rodríguez (Caracas),1000
Distrito Capital,Villa Croacia,1162
Distrito Capital,Villa Zoila (Caracas),1020
Distrito Capital,Vista Al Mar,1030
Distrito Capital,Vista Alegre (Caracas),1020
Distrito Capital,Washington (Caracas),1020
Distrito Capital,Zamora (Caracas),1040
Falcón,Acurigua,4101
Falcón,Adaure,4102
Falcón,Agua Clara,4102
Falcón,Agua Larga,4101
Falcón,Agua Linda,4110
Falcón,Agua Salada,4101
Falcón,Aguide,4101
Falcón,Amuay,4101
Falcón,Aracua,4101
Falcón,Baraived,4102
Falcón,Bariro,4101
Falcón,Boca de Mangle,4101
Falcón,Boca de Tocuyo,4101
Falcón,Borojó,4118
Falcón,Cabure,4101
Falcón,Caja de Agua,4150
Falcón,Capadare,4101
Falcón,Capatárida,4118
Falcón,Casigua,4101
Falcón,Chichiriviche,2054
Falcón,Churuguara,4152
Falcón,Coro,4101
Falcón,Corralito,4101
Falcón,Curamichate,4101
Falcón,Curarí,4101
Falcón,Curimagua,4101
Falcón,Dabajuro,4118
Falcón,El Charal,4101
Falcón,El Duvisí,4102
Falcón,El Vinculo,4101
Falcón,Guaibacoa,4101
Falcón,Jácura,4110
Falcón,Jadacaquiva,4101
Falcón,La Chapa,4101
Falcón,La Cruz de Taratara,4114
Falcón,La Negrita,4101
Falcón,La Pastora,4101
Falcón,La Tabla,4101
Falcón,La Taza,4101
Falcón,La Vela de Coro,4132
Falcón,Lizardo,4101
Falcón,Mancillar de La Costa,4101
Falcón,Maparari,4104
Falcón,Mataruca,4101
Falcón,Mene Mauroa,4117
Falcón,Mirimire,4110
Falcón,Mitare,4101
Falcón,Otras Poblaciones,4101
Falcón,Pecaya,4101
Falcón,Pedregal,4137
Falcón,Piedra Grande,4136
Falcón,Píritu,4103
Falcón,Pueblo Cumarebo,4101
Falcón,Pueblo Nuevo de La Sierra,4101
Falcón,Pueblo Nuevo de Paraguaná,4150
Falcón,Puerto Cumarebo,4167
Falcón,Punta Cardón,4154
Falcón,Punto Fijo,4102
Falcón,Pureche,4101
Falcón,San José de Bruzual,4101
Falcón,San José de Seque,4101
Falcón,San Juan de Los Cayos,2054
Falcón,San Lorenzo,4101
Falcón,San Lorenzo (El Menen),4101
Falcón,San Luis,4109
Falcón,San Miguel de Macoruca,4101
Falcón,Santa Ana,4102
Falcón,Santa Cruz de Bucaral,4101
Falcón,Tocopero,4101
Falcón,Tocumo de La Rosita,4101
Falcón,Tupure,4101
Falcón,Urumaco,4101
Falcón,Zazarida,4101
Guarico,Altagracia de Orituco,2320
Guarico,Barbacoa,2334
Guarico,Cabruta,8007
Guarico,Calabozo,2312
Guarico,Camatagua,2335
Guarico,Camatagua,7001
Guarico,Cambural de Cataure,2301
Guarico,Carmen de Cura,2311
Guarico,Cazorla,2301
Guarico,Chaguaramas,2358
Guarico,Corozopando,2301
Guarico,Dos Caminos,2301
Guarico,El Calvario,2303
Guarico,El Caro de La Negra,2301
Guarico,El Corozo,2301
Guarico,El Palito,2301
Guarico,El Punzón,2301
Guarico,El Rastro,2304
Guarico,El Socorro,2355
Guarico,El Sombrero,2319
Guarico,Espino,2301
Guarico,Francisco de Tiznado,2301
Guarico,Guardatinaja,2316
Guarico,Guaripa,2301
Guarico,Ipare de Orituco,2301
Guarico,La Arboleda,2301
Guarico,La Esperanza,2301
Guarico,Las Mercedes del Llano,2356
Guarico,Las Minas,2301
Guarico,Lezama,2301
Guarico,Libertad de Orituco,2301
Guarico,Los Pozotes,2301
Guarico,Mamonal,2301
Guarico,Ortíz,2302
Guarico,Otras Poblaciones,2301
Guarico,Parapara de Ortíz,2301
Guarico,Paso Real de Macaira,2301
Guarico,Pirital,2301
Guarico,Roblecito,2301
Guarico,Sabana Grande de Orituco,2301
Guarico,San Casimiro,2338
Guarico,San Francisco de Cara,2301
Guarico,San Francisco de Macaira,2301
Guarico,San José de Anare,2301
Guarico,San José de Guaribe,2301
Guarico,San José de Tiznados,2305
Guarico,San Jose Unare,2351
Guarico,San Juan de los Morros,2301
Guarico,San Rafael de Laya,2301
Guarico,San Rafael de Orituco,2301
Guarico,San Sebastián,2340
Guarico,Santa María de Ipire,2354
Guarico,Santa Rita de Manapire,2301
Guarico,Taguay,2301
Guarico,Tucupido,2301
Guarico,Valle de Morín (Aragua),2301
Guarico,Valle La Pascua,2350
Guarico,Zaraza,2332
Lara,Agua Salada,3050
Lara,Aguada Grande,3031
Lara,Aregue,3052
Lara,Arenales,3050
Lara,Atarigua,3050
Lara,Baragua,3034
Lara,Barbacoa,3050
Lara,Barquisimeto,3001
Lara,Basarida,3001
Lara,Bobare,3004
Lara,Bocare,3050
Lara,Buena Vista,3001
Lara,Burere,3050
Lara,Cabudare,3023
Lara,Cariragua,3051
Lara,Carora,3050
Lara,Casa de Agua,3001
Lara,Cubiro,3063
Lara,Duaca,3025
Lara,El Empedrado,3060
Lara,El Porvenir,3033
Lara,Guadalupe,3050
Lara,Guárico,3057
Lara,Guayabones,5101
Lara,Humocaro Alto,3058
Lara,Humocaro Bajo,3058
Lara,La Miel,3015
Lara,La Pastora,3050
Lara,La Vega,3033
Lara,Las Casitas,3001
Lara,Las Guabinas,3033
Lara,Los Rastrojos,3023
Lara,Los Yabos,3050
Lara,Matatere,3004
Lara,Moran,3001
Lara,Moroturo,3001
Lara,Moyetones,3033
Lara,Otras Poblaciones,3001
Lara,Palmarito,3050
Lara,Pie de Cuesta,3060
Lara,Puricaure,3050
Lara,Quebrada Arriba,3101
Lara,Quibor,3061
Lara,Río Claro,3009
Lara,Río Tocuyo,3054
Lara,San Francisco,3055
Lara,San Miguel,3016
Lara,San Pablo de Lara,3050
Lara,San Pedro,3056
Lara,Sanare,3028
Lara,Sarare,3015
Lara,Siquisique,3032
Lara,Urucure,3033
Lara,Villa Nueva,3059
Mérida,Acarigua,5101
Mérida,Acequias,5110
Mérida,Apartaderos,5130
Mérida,Bailadores,5133
Mérida,Canagua,5154
Mérida,Caño Zancudo,3137
Mérida,Capazón,3137
Mérida,Chachopo,3112
Mérida,Chiguara,5138
Mérida,Chocanta,5112
Mérida,Ejido,5111
Mérida,El Morro,5101
Mérida,El Peñón,5142
Mérida,El Vigía,5145
Mérida,Estanques,5101
Mérida,Guaraque,5134
Mérida,Humboldt,5101
Mérida,Jají,5107
Mérida,La Azulita,5102
Mérida,La Blanca,5145
Mérida,La Gonzalez,5145
Mérida,La Hechicera,5101
Mérida,La Mesa,5112
Mérida,La Mesa de Ejido,5112
Mérida,La Palmita,5145
Mérida,La Parroquia,5115
Mérida,La Pedregosa,5101
Mérida,La Playa,5143
Mérida,La Playita,5145
Mérida,La Punta,5115
Mérida,La Trampa,5138
Mérida,La Vega,5101
Mérida,Lagunilla,5138
Mérida,Las Piedras,5138
Mérida,Las Virtudes,3141
Mérida,Libertad,5145
Mérida,Los González,5111
Mérida,Los Sauzales,5101
Mérida,Mérida,5101
Mérida,Mesa Bolívar,5141
Mérida,Mesa Quintero,5134
Mérida,Mucuchachi,5105
Mérida,Mucuchies,5130
Mérida,Mucujepe,5101
Mérida,Mucuruba,5129
Mérida,Mucutuy,5106
Mérida,Otras Poblaciones,5101
Mérida,Piñango,5114
Mérida,Pueblo Llano,5124
Mérida,Pueblo Nuevo,5108
Mérida,San Cristobal De Torondoy,3101
Mérida,San Jacinto,5101
Mérida,San José,5101
Mérida,San Juan de Lagunilla,5138
Mérida,San Rafael de Mucuchies,5130
Mérida,Santa Apolonia De Merida,3101
Mérida,Santa Cruz de Mora,5142
Mérida,Santa Elena de Arenales,5101
Mérida,Santo Domingo,5131
Mérida,Tabay,5116
Mérida,Timotes,3112
Mérida,Tovar,5143
Mérida,Tucani,5141
Mérida,Tucantocani,5145
Mérida,Unión,5101
Mérida,Zea,5144
Miranda,Aeropuerto La Carlota (Caracas),1064
Miranda,Araira,1221
Miranda,Barrio El Carmen Minas de Baruta,1080
Miranda,Barrio El Carmen Petare,1073
Miranda,Barrio El Manguito Petare,1073
Miranda,Barrio El Rodeo,1221
Miranda,Barrio La Cruz Chacao,1060
Miranda,Barrio La Cruz Petare,1073
Miranda,Barrio Niño Jesús,1030
Miranda,Barrio San Blas,1073
Miranda,Barrio San Miguel Petare,1073
Miranda,Barrio Unión,1020
Miranda,Capaya,1225
Miranda,Carenero,1231
Miranda,Carrizal,1203
Miranda,Caucagüa,1246
Miranda,Centro Comercial Plaza Las Americas,1061
Miranda,Charallave,1210
Miranda,Chirimena,1231
Miranda,Chuspa,1166
Miranda,Chuspita,1246
Miranda,Cúa,1211
Miranda,Cupira,1238
Miranda,Curiepe,1232
Miranda,El Café,1225
Miranda,El Guapo,1243
Miranda,El Hatillo (Caracas),1083
Miranda,El Marqués,1071
Miranda,Guarenas,1220
Miranda,Guatire,1221
Miranda,Higuerote,1231
Miranda,La Tahona,1083
Miranda,Las González,1228
Miranda,Lomas de la Lagunita,1083
Miranda,Los Chorros,1071
Miranda,Los Samanes,1080
Miranda,Los Teques,1201
Miranda,Machurucuto,1245
Miranda,Mamporal,1228
Miranda,Ocumare del Tuy,1209
Miranda,Paparo,1236
Miranda,Paracotos,1201
Miranda,Petare,1073
Miranda,Plaza las Américas,1061
Miranda,Prados del Este,1080
Miranda,Pueblo Nuevo Mamporal,1235
Miranda,Río Chico,1236
Miranda,San Antonio de los Altos,1204
Miranda,San Blas,1073
Miranda,San Diego de los Altos,1204
Miranda,San Fernando del Guapo,1243
Miranda,San Francisco de Yare,1212
Miranda,San José de Barlovento,1235
Miranda,San José de los Altos,1204
Miranda,San José de Río Chico,1235
Miranda,San Pedro de los Altos,1204
Miranda,Santa Lucia,1214
Miranda,Santa Paula,1061
Miranda,Santa Rosa de Lima,1061
Miranda,Santa Teresa del Tuy,1215
Miranda,Sebucán,1071
Miranda,Sector La Estancia (Chuao),1064
Miranda,Sector Los Naranjos,1061
Miranda,Simón Bolívar (Ciudad Tablita),1030
Miranda,Tacarigua de La Laguna,1236
Miranda,Tacarigua Mamporal,1228
Miranda,Tacata,1211
Miranda,Terrazas de Club Hípico (Caracas),1080
Miranda,U.S.B.,1086
Miranda,Urbanización Altamira (Caracas),1060
Miranda,Urbanización Alto Hatillo (Caracas),1083
Miranda,Urbanización Alto Prado (Caracas),1080
Miranda,Urbanización Avila (Caracas),1050
Miranda,Urbanización Bello Campo (Caracas),1060
Miranda,Urbanización Boleita,1071
Miranda,Urbanización Boleita Alta,1071
Miranda,Urbanización California Norte,1071
Miranda,Urbanización California Sur,1071
Miranda,Urbanización Campo Alegre,1060
Miranda,Urbanización Canteras de Miranda,1073
Miranda,Urbanización Caracas Country Club,1060
Miranda,Urbanización Caurimare,1061
Miranda,Urbanización Chacao,1060
Miranda,Urbanización Chuao,1061
Miranda,Urbanización Colinas de Baruta,1080
Miranda,Urbanización Colinas de Bello Monte,1050
Miranda,Urbanización Colinas de La California,1071
Miranda,Urbanización Colinas de La Mariposa,1090
Miranda,Urbanización Colinas de La Trinidad,1080
Miranda,Urbanización Colinas de Los Ruices,1071
Miranda,Urbanización Colinas de Turumo,1073
Miranda,Urbanización Colinas de Valle Arriba,1080
Miranda,Urbanización Colinas del Tamanaco,1061
Miranda,Urbanización Cumbres de Curumo,1080
Miranda,Urbanización Cútira,1030
Miranda,Urbanización Don Bosco,1071
Miranda,Urbanización El Cafetal,1061
Miranda,Urbanización El Dorado,1073
Miranda,Urbanización El Llanito,1073
Miranda,Urbanización El Marqués,1071
Miranda,Urbanización El Pedregal,1060
Miranda,Urbanización El Peñón,1080
Miranda,Urbanización El Placer,1080
Miranda,Urbanización El Placer de María,1080
Miranda,Urbanización El Prado,1040
Miranda,Urbanización El Retiro,1060
Miranda,Urbanización El Rosal,1060
Miranda,Urbanización La Boyera,1083
Miranda,Urbanización La Carlota,1071
Miranda,Urbanización La Castellana,1060
Miranda,Urbanización La Ciudadela,1080
Miranda,Urbanización La Cumbre,1083
Miranda,Urbanización La Esmeralda,1083
Miranda,Urbanización La Esperanza,1030
Miranda,Urbanización La Estancia,1071
Miranda,Urbanización La Floresta,1060
Miranda,Urbanización La Lagunita Country Club,1083
Miranda,Urbanización La Mariposa,1090
Miranda,Urbanización La Trinidad,1080
Miranda,Urbanización La Urbina,1073
Miranda,Urbanización Las Américas,1020
Miranda,Urbanización Las Bonitas,1080
Miranda,Urbanización Las Mercedes,1060
Miranda,Urbanización Las Minas,1080
Miranda,Urbanización Las Vegas de Petare,1073
Miranda,Urbanización Lomas de Las Mercedes,1061
Miranda,Urbanización Lomas del Club Hípico,1080
Miranda,Urbanización Los Chorros,1071
Miranda,Urbanización Los Cortijos de Lourdes,1071
Miranda,Urbanización Los Dos Caminos,1071
Miranda,Urbanización Los Naranjos,1061
Miranda,Urbanización Los Ruices,1071
Miranda,Urbanización Macaracuay,1071
Miranda,Urbanización Mampote,1073
Miranda,Urbanización Mirador del Este,1073
Miranda,"Urbanización Miranda (Petare, Guarenas)",1073
Miranda,Urbanización Palo Verde,1073
Miranda,Urbanización Parque Anauco,1010
Miranda,Urbanización Parque Sebucán,1071
Miranda,Urbanización Paseo Las Mercedes,1061
Miranda,Urbanización Paulo VI,1073
Miranda,Urbanización Prados Del Este,1080
Miranda,Urbanización Santa Fe Norte y Sur,1080
Miranda,Urbanización Santa Ines,1080
Miranda,Urbanización Santa Paula,1061
Miranda,Urbanización Santa Sofia,1061
Miranda,Urbanización Sartenejas,1080
Miranda,Urbanización Sebucan,1071
Miranda,Urbanización Sector Los Naranjos,1061
Miranda,Urbanización Sorocaima,1080
Miranda,Urbanización Terraza Del Club Hipico,1080
Miranda,Urbanización Terrazas Del Avila,1073
Miranda,Urbanización Turiamo,1020
Miranda,Urbanización Turumo,1073
Miranda,Urbanización Valle Arriba,1061
Monagas,Aguasay,6201
Monagas,Alto Guri,6201
Monagas,Altos de los Godos,6201
Monagas,Andrés Eloy Blanco,6201
Monagas,Aragua de Maturín,6206
Monagas,Areo,6201
Monagas,Azagua,6201
Monagas,Bajo Guarapiche,6201
Monagas,Barrancas,6208
Monagas,Brisas de Aribi,6201
Monagas,Cachipo,6201
Monagas,Caicara de Maturín,6209
Monagas,Campo Alegre,6201
Monagas,Caño Colorado,6201
Monagas,Carabobo,6201
Monagas,Caripe,6210
Monagas,Caripito,6211
Monagas,Chaguaramal,6201
Monagas,El Corozo,6201
Monagas,El Cortijo,6201
Monagas,El Furrial,6201
Monagas,El Junín,6201
Monagas,El Merey,6201
Monagas,El Paraíso,6201
Monagas,El Pelón,6201
Monagas,El Respiro,6201
Monagas,El Tejero,6213
Monagas,El Zamuro,6201
Monagas,El Zorro,6201
Monagas,Guanaguana,6214
Monagas,Guarapiche,6201
Monagas,Guarito,6201
Monagas,Jusepín,6204
Monagas,La Candelaria,6201
Monagas,La Cruz de La Paloma,6201
Monagas,La Guanota,6210
Monagas,La Morrocoya,6201
Monagas,La Pica,6201
Monagas,La Plantación,6201
Monagas,La Poderosa,6201
Monagas,La Toscana,6215
Monagas,Las Alhuacas,6201
Monagas,Las Brisas,6201
Monagas,Las Cocuizas,6201
Monagas,Las Palmeras,6201
Monagas,Las Pinas,6201
Monagas,Libertador,6201
Monagas,Los Guaritos,6201
Monagas,Los Pinos,6201
Monagas,Manreza,6201
Monagas,Maturín,6201
Monagas,Miraflores,6216
Monagas,Morichal Largo,6201
Monagas,Otras Poblaciones,6201
Monagas,Puerto Amador,6201
Monagas,Punta Gorda,6201
Monagas,Quiriquire,6218
Monagas,San Antonio de Maturín,6219
Monagas,San Antonio de Tabasca,6225
Monagas,San Felix de Monagas,6226
Monagas,San Francisco de Maturín,6219
Monagas,San Luis,6201
Monagas,San Miguel,6201
Monagas,San Vicente,6201
Monagas,Santa Bárbara,6221
Monagas,Santa Elena,6201
Monagas,Sarabria,6201
Monagas,Temblador,6223
Monagas,Teresen,6224
Monagas,Tirado,6201
Monagas,Viento Colao,6201
Monagas,Viento Fresco,6207
Monagas,Vuelta Larga,6201
Monagas,Zona Industrial,6201
Nueva Esparta,Agua de Vaca,6301
Nueva Esparta,Altagracia,6301
Nueva Esparta,Antolin del Campo,6301
Nueva Esparta,Boca del Pozo,6301
Nueva Esparta,Boca del Río,6304
Nueva Esparta,Bolívar,6301
Nueva Esparta,Boquerón,6301
Nueva Esparta,Chacachacare,6301
Nueva Esparta,El Amparo,6301
Nueva Esparta,El Bicha,6301
Nueva Esparta,El Espinal,6301
Nueva Esparta,El Guamache (Isla de Coche),6301
Nueva Esparta,El Guamache (Punta de Piedras),6301
Nueva Esparta,El Maco,6301
Nueva Esparta,El Pilar,6301
Nueva Esparta,El Valle de Pedro González,6301
Nueva Esparta,El Valle del Espíritu Santo,6301
Nueva Esparta,Guinima,6301
Nueva Esparta,Juan Griego,6309
Nueva Esparta,La Asunción,6311
Nueva Esparta,La Guardia,6301
Nueva Esparta,La Isleta,6301
Nueva Esparta,La Plaza de Paraguachí,6301
Nueva Esparta,La Vecindad,6301
Nueva Esparta,Las Cabreras,6301
Nueva Esparta,Las Hernández,6301
Nueva Esparta,Las Maritas,6301
Nueva Esparta,Las Piedras,6301
Nueva Esparta,Los Bagres,6301
Nueva Esparta,Los Cerritos,6301
Nueva Esparta,Los Giles,6301
Nueva Esparta,Los Gómez,6301
Nueva Esparta,Los Marvales,6301
Nueva Esparta,Los Millanes,6301
Nueva Esparta,Luisa Cáceres de Arismendi (Urbanización),6301
Nueva Esparta,Macanao,6301
Nueva Esparta,Manzanillo,6301
Nueva Esparta,Marino,6301
Nueva Esparta,Mariño,6301
Nueva Esparta,Orinoco,6301
Nueva Esparta,Otras Poblaciones,6301
Nueva Esparta,Pampatar,6316
Nueva Esparta,Pedregales,6301
Nueva Esparta,Pedro González,6301
Nueva Esparta,Playa el Angel (Urbanización),6301
Nueva Esparta,Porlamar,6301
Nueva Esparta,Puerto Fermín,6301
Nueva Esparta,Punta de Piedras,6318
Nueva Esparta,Robledal,6301
Nueva Esparta,San Antonio,6301
Nueva Esparta,San Juan Bautista,6320
Nueva Esparta,San Pedro de Coche,6321
Nueva Esparta,Santa Ana,6301
Nueva Esparta,Tacarigua,6301
Nueva Esparta,Valle Verde (Urbanización),6301
Nueva Esparta,Villa Rosa,6301
Portuguesa,Acarigua,3301
Portuguesa,Agua Blanca,3302
Portuguesa,Aparición,3350
Portuguesa,Araure,3303
Portuguesa,Biscucuy,3351
Portuguesa,Boconoito,3355
Portuguesa,Chabasquén,3357
Portuguesa,Colonia Tunén,3317
Portuguesa,Córdoba,3357
Portuguesa,El Poblado,3309
Portuguesa,Guanare,3350
Portuguesa,Guanarito,3354
Portuguesa,La Concepción,3354
Portuguesa,La Estación,3352
Portuguesa,La Misión,3301
Portuguesa,La Trinidad,3350
Portuguesa,Los Colorados,3309
Portuguesa,Los Morrones,3350
Portuguesa,Mesa de Caruaca,3350
Portuguesa,Ospino,3352
Portuguesa,Otras Poblaciones,3350
Portuguesa,Papelón,3353
Portuguesa,Paraiso De Chabasquen,3357
Portuguesa,Payara,3301
Portuguesa,Pimpinela,3304
Portuguesa,Píritu,3305
Portuguesa,San Rafael de Onoto,3306
Portuguesa,Santa Rosalía de Turen,3307
Portuguesa,Turen,3309
Portuguesa,Unellez,3350
Portuguesa,Villa Bruzual,3309
Sucre,Acarigua,6106
Sucre,Agua Fria,6150
Sucre,Altos de Sucre,6123
Sucre,Araya,6102
Sucre,Arenas,6106
Sucre,Bohordal,6150
Sucre,Caigüire,6101
Sucre,Campearito,6150
Sucre,Campo Claro,6101
Sucre,Cariaco,6126
Sucre,Carúpano,6150
Sucre,Casanay,6168
Sucre,Catuaro,6150
Sucre,Chacopata,6101
Sucre,Cristóbal Colón,6160
Sucre,Cumaná,6101
Sucre,Cumanacoa,6106
Sucre,El Morro,6163
Sucre,El Paujil,6150
Sucre,El Peñón,6101
Sucre,El Pilar,6152
Sucre,El Rincón,6150
Sucre,Guaca,6150
Sucre,Guanoco,6150
Sucre,Guarapiche,6168
Sucre,Guarauna,6150
Sucre,Guaraunos,6150
Sucre,Guariquen,6150
Sucre,Guayana,6150
Sucre,Güiria,6161
Sucre,Irapa,6156
Sucre,Las Piedras de Cocollar,6101
Sucre,Las Vegas,6101
Sucre,Los Altos De Santa fe,6101
Sucre,Los Arroyos,6150
Sucre,Macarapana,6101
Sucre,Macuro,6150
Sucre,Maraval,6156
Sucre,Mariguitar,6107
Sucre,Muelle de Cariaco,6101
Sucre,Nueva Colombia,6150
Sucre,Otras Poblaciones,6150
Sucre,Playa Grande,6150
Sucre,Puerto Santo,6163
Sucre,Punta Brava (Tunapuycito),6154
Sucre,Quebrada Seca,6101
Sucre,Río Caribe,6164
Sucre,Río Casanay,6168
Sucre,Río Grande,6160
Sucre,Rio Salado,6150
Sucre,Rio Seco,6150
Sucre,San Antonio del Golfo,6110
Sucre,San José de Aerocuar,6167
Sucre,San Juan de las Galdonas,6150
Sucre,San Juan de Unare,6150
Sucre,San Lorenzo,6106
Sucre,San Vicente,6150
Sucre,Santa Cruz,6150
Sucre,Santa Fe,6101
Sucre,Santa María de Cariaco,6150
Sucre,Saucedo,6150
Sucre,Soro,6150
Sucre,Tunapuicito,6150
Sucre,Tunapuy,6154
Sucre,Valle de San Bonifacio,6150
Sucre,Yaguaraparo,6155
Sucre,Yoco,6150
Táchira,Abejales,5002
Táchira,Aguas Calientes,5048
Táchira,Batatal,5001
Táchira,Boca de Grita,5020
Táchira,Borota,5033
Táchira,Caño Macho,5020
Táchira,Colon,5003
Táchira,Coloncito,5038
Táchira,Cordero,5012
Táchira,Delicias,5030
Táchira,El Amparo,5062
Táchira,El Cantón,5067
Táchira,El Carmen (Aldea),5038
Táchira,El Cobre,5021
Táchira,El Corozo,5001
Táchira,El Hato de La Virgen,5010
Táchira,El Jordan,5001
Táchira,El Nula,5063
Táchira,El Pinal,5032
Táchira,El Pino,5007
Táchira,El Potosí,5020
Táchira,El Teteo,5032
Táchira,Guasdualito,5063
Táchira,Helechales,5001
Táchira,Hernandez,5001
Táchira,Independencia,5009
Táchira,La Concordia,5001
Táchira,La Florida,5001
Táchira,La Fría,5020
Táchira,La Fundación,5001
Táchira,La Grita,5022
Táchira,La Pedrera,5002
Táchira,La Revancha,5017
Táchira,La Rinconada,5048
Táchira,La Tendida,5038
Táchira,La Victoria (Apure),5063
Táchira,Las Dantas,5030
Táchira,Libertad del Táchira,5010
Táchira,Llano Largo,5022
Táchira,Lobatera,5036
Táchira,Los Caneyes,5017
Táchira,Los Kioscos,5001
Táchira,Los Naranjos,5032
Táchira,Michelena,5037
Táchira,Morotuto,5038
Táchira,Nueva Arcadia,5048
Táchira,Orope,5020
Táchira,Otras Poblaciones,5001
Táchira,Palmarito,5065
Táchira,Palmira,5015
Táchira,Patiecito,5015
Táchira,Peribeca,5009
Táchira,Pregonero,5058
Táchira,Pueblo Encima,5022
Táchira,Pueblo Hondo,5022
Táchira,Pueblo Las Hernández,5038
Táchira,Pueblo Nuevo,5001
Táchira,Queniquea,5001
Táchira,Ramos,5030
Táchira,Río Chiquito,5030
Táchira,Rubio,5030
Táchira,Sabana Grande,5022
Táchira,San Antonio del Táchira,5007
Táchira,San Cristóbal,5001
Táchira,San Felix,5003
Táchira,San Felix De Urraca,5001
Táchira,San Joaquin De Navay,5001
Táchira,San José de Bolívar,5054
Táchira,San Josecito,5001
Táchira,San Juan Bautista,5001
Táchira,San Juan De Colon,5001
Táchira,San Pedro de Lirio,5003
Táchira,San Rafael Del Piñal,5032
Táchira,San Simón,5038
Táchira,Santa Ana,5051
Táchira,Santa María de Caparo (Mérida),5002
Táchira,Seboruco,5027
Táchira,Táriba,5017
Táchira,Umuquena,5038
Táchira,Ureña,5048
Táchira,Villa Páez,5030
Trujillo,Agua Santa,3101
Trujillo,Agua Viva,3101
Trujillo,Altos de Estanque,3132
Trujillo,Arapuey (Mérida),3164
Trujillo,Betijoque,3104
Trujillo,Boconó,3103
Trujillo,Bolivia,3157
Trujillo,Buena Vista,3101
Trujillo,Burbusay,3115
Trujillo,Caja Seca (Nueva Bolivia),3141
Trujillo,Campo Alegre (Urbanización),3101
Trujillo,Campo Elías,3116
Trujillo,Carache,3123
Trujillo,Carvajal,3102
Trujillo,Chejende,3124
Trujillo,Cuicas,3125
Trujillo,Dividive,3107
Trujillo,El Alto Escuque,3105
Trujillo,El Batatal,3101
Trujillo,El Cenizo,3101
Trujillo,El Socorro,3101
Trujillo,Escuque,3105
Trujillo,Isnotú,3109
Trujillo,Jajó,3145
Trujillo,La Ceiba,3108
Trujillo,La Cejita,3149
Trujillo,La Concepción De Carache,3150
Trujillo,La Concepción De Pampanito,3150
Trujillo,La Cuchilla,3101
Trujillo,La Mesa de Esnujaque,3146
Trujillo,La Mulata,3101
Trujillo,La Plazuela,3150
Trujillo,La Plazuelita,3101
Trujillo,La Puerta,3106
Trujillo,La Quebrada,3147
Trujillo,La Unión,3101
Trujillo,Las Mesitas,3101
Trujillo,Mendoza Fría,3122
Trujillo,Miton,3128
Trujillo,Monay,3153
Trujillo,Monte Carmelo,3134
Trujillo,Motatán,3140
Trujillo,Niquitao,3118
Trujillo,Nueva Bolivia,3101
Trujillo,Otras Poblaciones,3150
Trujillo,Palmarito,3101
Trujillo,Pampan,3151
Trujillo,Pampanito,3152
Trujillo,Punto Palmarito,3141
Trujillo,Sabana de Mendoza,3110
Trujillo,Sabana Grande,3101
Trujillo,Sabana Libre,3135
Trujillo,San Cristóbal de Torondoy,3133
Trujillo,San José de Palmira,3101
Trujillo,San Juan de Betijoque,3101
Trujillo,San Lázaro,3154
Trujillo,San Miguel,3119
Trujillo,San Miguel De Bocono,3101
Trujillo,San Rafael de Boconó,3103
Trujillo,San Rafael de Carvajal,3101
Trujillo,Santa Ana,3156
Trujillo,Santa Apolonia de Mérida,3136
Trujillo,Santa Apolonia de Trujillo,3127
Trujillo,Santa Isabel,3113
Trujillo,Santa Rosa,3101
Trujillo,Santiago,3101
Trujillo,Torococo,3129
Trujillo,Torondoy,3101
Trujillo,Tostos,3101
Trujillo,Trujillo,3150
Trujillo,Trujillo (Casco Central),3150
Trujillo,Valera,3101
Vargas,Anare,1160
Vargas,Camuri Grande,1160
Vargas,Caraballeda,1165
Vargas,Carayaca,1168
Vargas,Catia La Mar,1162
Vargas,El Junquito,1030
Vargas,La Guaira,1160
Vargas,La Sabana,1166
Vargas,Las Salinas,1162
Vargas,Los Caracas,1166
Vargas,Macuto,1160
Vargas,Maiquetía,1160
Vargas,Marapa,1162
Vargas,Naiguatá,1160
Vargas,Oricao,1162
Vargas,Puerto Carayaca,1162
Vargas,Urbanización Caribe,1030
Vargas,Urbanización El Junko Country Club,1030
Yaracuy,Agua Negra,3201
Yaracuy,Albarico,3201
Yaracuy,Aroa,3210
Yaracuy,Boraure,3201
Yaracuy,Campo Elías,3209
Yaracuy,Chivacoa,3202
Yaracuy,Corocote,3201
Yaracuy,El Caserío de Carabobo,3201
Yaracuy,El Cedrito,3201
Yaracuy,El Guayabo,3201
Yaracuy,Farriar,3222
Yaracuy,Guama,3207
Yaracuy,Hato Viejo,3201
Yaracuy,Independencia,3201
Yaracuy,La Hoya,2050
Yaracuy,Las Rositas,3201
Yaracuy,Marín,3206
Yaracuy,Nirgua,3205
Yaracuy,Otras Poblaciones,3201
Yaracuy,Sabana de Parra,3211
Yaracuy,Salom,3214
Yaracuy,San Felipe,3201
Yaracuy,San Pablo,3201
Yaracuy,Taria,3201
Yaracuy,Temerla,3201
Yaracuy,Urachiche,3201
Yaracuy,Yaritagua,3203
Yaracuy,Yumare,3201
Zulia,Aeropuerto La Chinita,4012
Zulia,Alturitas,4047
Zulia,Arapuey,3101
Zulia,Avenida Los Haticos (Maracaibo),4001
Zulia,Bachaquero,4014
Zulia,Barranca,4020
Zulia,Barranquitas,4047
Zulia,Barrio 14 de Noviembre (Maracaibo),4005
Zulia,Barrio 18 de Diciembre (Maracaibo),4004
Zulia,Barrio 19 de Abril (Maracaibo),4005
Zulia,Barrio 1º de Agosto (Maracaibo),4001
Zulia,Barrio 1º de Mayo (Maracaibo),4005
Zulia,Barrio 21 de Octubre (Maracaibo),4001
Zulia,Barrio 23 de Enero (Maracaibo),4001
Zulia,Barrio 24 de Julio (Maracaibo),4004
Zulia,Barrio 24 de Noviembre (Maracaibo),4005
Zulia,Barrio 24 de Octubre (Maracaibo),4004
Zulia,Barrio 28 de Diciembre (Maracaibo),4004
Zulia,Barrio 5 de Julio (Maracaibo),4001
Zulia,Barrio Alberto Carnevali (Maracaibo),4005
Zulia,Barrio Altamira (Maracaibo),4001
Zulia,Barrio Ana María Campos (Maracaibo),4005
Zulia,Barrio Andrades Labarca (Maracaibo),4004
Zulia,Barrio Ayacucho (Maracaibo),4005
Zulia,Barrio Betulio González (Maracaibo),4004
Zulia,Barrio Blanco (Maracaibo),4005
Zulia,Barrio Bolivia (Maracaibo),4001
Zulia,Barrio Brisas del Sur (Maracaibo),4001
Zulia,Barrio Buena Vista (Maracaibo),4001
Zulia,Barrio Cabeza de Toro (Maracaibo),4005
Zulia,Barrio Calendario (Maracaibo),4005
Zulia,Barrio Cañada Honda (Maracaibo),4001
Zulia,Barrio Canchancha (Maracaibo),4002
Zulia,Barrio Capitán Chico (Maracaibo),4002
Zulia,Barrio Carabobo (Maracaibo),4004
Zulia,Barrio Carmelo Urdaneta (Maracaibo),4005
Zulia,Barrio Cerro de Marín (Maracaibo),4002
Zulia,Barrio Corazón de Jesús (Maracaibo),4004
Zulia,Barrio Corea (Maracaibo),4001
Zulia,Barrio Coromoto (Maracaibo),4004
Zulia,Barrio Cruz de Mayo (Maracaibo),4001
Zulia,Barrio Cuatricentenario (Maracaibo),4001
Zulia,Barrio de Estanques,4001
Zulia,Barrio de Estanques (Maracaibo),4001
Zulia,Barrio Don Bosco (Maracaibo),4002
Zulia,Barrio El Amparo (Maracaibo),4001
Zulia,Barrio El Bajo Grande (Maracaibo),4004
Zulia,Barrio El Callao 1ª 2ª y 3ª Etapa (Maracaibo),4004
Zulia,Barrio El Calvario,4001
Zulia,Barrio el Calvario (Maracaibo),4001
Zulia,Barrio El Cardonal (Maracaibo),4004
Zulia,Barrio El Corito (Maracaibo),4001
Zulia,Barrio El Cují (Maracaibo),4005
Zulia,Barrio El Guaicaipuro (Maracaibo),4005
Zulia,Barrio El Indio (Maracaibo),4005
Zulia,Barrio El Jazmín (Maracaibo),4005
Zulia,Barrio El Manzanillo (Maracaibo),4004
Zulia,Barrio El Oso (Maracaibo),4001
Zulia,Barrio El Pajal (Maracaibo),4001
Zulia,Barrio El Pedregal (Maracaibo),4005
Zulia,Barrio El Perú (Maracaibo),4004
Zulia,Barrio El Potente (Maracaibo),4001
Zulia,Barrio El Progreso (Maracaibo),4001
Zulia,Barrio El Puente (Maracaibo),4001
Zulia,Barrio El Silencio (Maracaibo),4004
Zulia,Barrio El Socorro (Maracaibo),4001
Zulia,Barrio El Valle (Maracaibo),4002
Zulia,Barrio El Vivero (Maracaibo),4004
Zulia,Barrio Francisco de Miranda (Maracaibo),4005
Zulia,Barrio Fundación Mendoza (Maracaibo),4001
Zulia,Barrio Gallo Verde (Maracaibo),4001
Zulia,Barrio Jagüey Cují (Maracaibo),4005
Zulia,Barrio José Antonio Páez (Maracaibo),4005
Zulia,Barrio José Gregorio Hernández (Maracaibo),4004
Zulia,Barrio José Hernández (Maracaibo),4001
Zulia,Barrio La Bandera (Maracaibo),4001
Zulia,Barrio La Chinita (Maracaibo),4001
Zulia,Barrio La Ensenada (Maracaibo),4004
Zulia,Barrio La Limpia (Maracaibo),4004
Zulia,Barrio La Lucha (Maracaibo),4002
Zulia,Barrio La Manzana de Oro (Maracaibo),4005
Zulia,Barrio La Polar (Maracaibo),4004
Zulia,Barrio La Pomona,4001
Zulia,Barrio La Rinconada (Maracaibo),4005
Zulia,Barrio La Salina (Maracaibo),4002
Zulia,Barrio La Unidad (Maracaibo),4005
Zulia,Barrio La Victoria (Maracaibo),4005
Zulia,Barrio Las Cabrias (Maracaibo),4005
Zulia,Barrio Las Marías (Maracaibo),4001
Zulia,Barrio Las Tarabas (Maracaibo),4005
Zulia,Barrio Las Tres Marías (Maracaibo),4005
Zulia,Barrio Leonardo Ruiz Pineda (Maracaibo),4002
Zulia,Barrio Libertad,4001
Zulia,Barrio Libertador (Maracaibo),4005
Zulia,Barrio Los Andes (Maracaibo),4001
Zulia,Barrio Los Claveles (Maracaibo),4001
Zulia,Barrio Los Cortijos (Maracaibo),4004
Zulia,Barrio Los Cujicitos (Maracaibo),4005
Zulia,Barrio Los Estanques (Maracaibo),4004
Zulia,Barrio Los Manglares (Maracaibo),4002
Zulia,Barrio Los Olivos (Maracaibo),4005
Zulia,Barrio Los Pinos (Maracaibo),4001
Zulia,Barrio Los Planazos (Maracaibo),4005
Zulia,Barrio Los Robles (Maracaibo),4004
Zulia,Barrio Los Sufridos (Maracaibo),4005
Zulia,Barrio Marite (Maracaibo),4005
Zulia,Barrio Misión (Maracaibo),4001
Zulia,Barrio Monte Claro (Maracaibo),4002
Zulia,Barrio Nueva Independencia (Maracaibo),4005
Zulia,Barrio Nueva Vía (Maracaibo),4005
Zulia,Barrio Nuevo Mundo (Maracaibo),4002
Zulia,Barrio Nuevo(Maracaibo),4005
Zulia,Barrio Obrero (Maracaibo),4005
Zulia,Barrio Panamericano (Maracaibo),4005
Zulia,Barrio Paraíso (Maracaibo),4004
Zulia,Barrio Pueblo Aparte (Maracaibo),4002
Zulia,Barrio Pueblo Nuevo (Maracaibo),4002
Zulia,Barrio Puerto Cabello (Maracaibo),4002
Zulia,Barrio Puerto Rico (Maracaibo),4001
Zulia,Barrio Puntica de Piedra (Maracaibo),4002
Zulia,Barrio Ranchería (Maracaibo),4001
Zulia,Barrio Raúl Leoni (Maracaibo),4005
Zulia,Barrio Ricardo Aguirre (Maracaibo),4001
Zulia,Barrio Robinson Ferreira (Maracaibo),4004
Zulia,Barrio Rómulo Betancourt (Maracaibo),4005
Zulia,Barrio Sabaneta (Maracaibo),4001
Zulia,Barrio San Agustín (Maracaibo),4005
Zulia,Barrio San Francisco (Maracaibo),4004
Zulia,Barrio San Javier (Maracaibo),4004
Zulia,Barrio San José (Maracaibo),4001
Zulia,Barrio San Luis (Maracaibo),4002
Zulia,Barrio San Miguel (Maracaibo),4001
Zulia,Barrio San Pedro (Maracaibo),4001
Zulia,Barrio San Rafael (Maracaibo),4001
Zulia,Barrio Santa Rosa de Agua (Maracaibo),4002
Zulia,Barrio Santa Rosa de Tierra (Maracaibo),4002
Zulia,Barrio Santo Domingo (Maracaibo),4001
Zulia,Barrio Sierra Maestra (Maracaibo),4004
Zulia,Barrio Simón Bolívar (Maracaibo),4001
Zulia,Barrio Sur América (Maracaibo),4004
Zulia,Barrio Tamanaco (Maracaibo),4001
Zulia,Barrio Teotiste de Gallegos (Maracaibo),4002
Zulia,Barrio Terepaima (Maracaibo),4005
Zulia,Barrio Tierra Negra (Maracaibo),4002
Zulia,Barrio Udón Pérez (Maracaibo),4005
Zulia,Barrio Unión (Maracaibo),4005
Zulia,Barrio Valle Frío (Maracaibo),4001
Zulia,Barrio Venezuela (Maracaibo),4005
Zulia,Barrio Zulia (Maracaibo),4005
Zulia,Bobures,3158
Zulia,Boscán,3101
Zulia,Cabimas,4013
Zulia,Caja Seca (Nueva Bolivia),3158
Zulia,Calle Larga,4021
Zulia,Campo Mara,4044
Zulia,Campos Petroleros,4032
Zulia,Carrasquero,4044
Zulia,Carretal,4037
Zulia,Cerro de Los Cachos (Maracaibo),4002
Zulia,Ceuta,4001
Zulia,Chiquinquirá,4033
Zulia,Ciudad Ojeda,4019
Zulia,Cojoro,4037
Zulia,Cojua,4037
Zulia,Concepción,4032
Zulia,Conjunto Residencial Gallo Verde (Maracaibo),4001
Zulia,El Batey,3101
Zulia,El Carmelo,4001
Zulia,El Cinco,4001
Zulia,El Consejo De Siruma,4001
Zulia,El Guanabano,4001
Zulia,El Guayabo,5101
Zulia,El Laberinto,4032
Zulia,El LLano,4001
Zulia,El Mene,4020
Zulia,El Moralito,4001
Zulia,El Portón (Maracaibo),4002
Zulia,El Siete,4001
Zulia,El Tablazo,4036
Zulia,El Venado,4022
Zulia,Encontrados,5101
Zulia,Guarero,4037
Zulia,I.N.O.S. (Maracaibo),4004
Zulia,Isla de San Carlos,4044
Zulia,Isla de Toas,4031
Zulia,La Cañada,4001
Zulia,La Paz,4001
Zulia,La Rosita,4044
Zulia,Laberinto,4032
Zulia,Lagunillas,4016
Zulia,Las Cruces,4044
Zulia,Las Delicias,4001
Zulia,Las Morochas,4019
Zulia,Las Piedras,4021
Zulia,Los Haticos,4047
Zulia,Los Puertos de Altagracia,4036
Zulia,Los Teques,4001
Zulia,M.A.C. (Maracaibo),4004
Zulia,Machango,4015
Zulia,Machiques,4021
Zulia,Macoa,4021
Zulia,Medio Cuarto,5101
Zulia,Mene Grande,4015
Zulia,Monte Claro,4005
Zulia,Moralito,5101
Zulia,Otras Poblaciones,4001
Zulia,Palmarejo,4001
Zulia,Paraguaipoa,4037
Zulia,Parcelamiento Los Altos (Maracaibo),4001
Zulia,Parcelamiento Ricaurte (Maracaibo),4002
Zulia,Pica Pica,4019
Zulia,Plaza de Toro (Maracaibo),4005
Zulia,Pueblo de San Francisco (Maracaibo),4004
Zulia,Pueblo Nuevo,4015
Zulia,Puerto Escondido,4020
Zulia,Punta Gorda,4013
Zulia,Quisiro,4036
Zulia,Residencia San Luis,4005
Zulia,San Ignacio,4047
Zulia,San José,4021
Zulia,San Jose De Perija,4021
Zulia,San Lorenzo,4041
Zulia,San Rafael de Machiques,4043
Zulia,San Rafael de Mara (El Mojan),4044
Zulia,San Timoteo,4018
Zulia,Santa Cruz de Mara,4045
Zulia,Santa Lucia (Maracaibo),4001
Zulia,Santa Rita,4020
Zulia,Sinamaica,4046
Zulia,Tía Juana,4017
Zulia,Universidad del Zulia,4011
Zulia,Urbanización 3ª Etapa (Maracaibo),4004
Zulia,Urbanización Adán Sthormes (Maracaibo),4004
Zulia,Urbanización Alberto Carnavalli (Maracaibo),4005
Zulia,Urbanización Alhambra (Maracaibo),4004
Zulia,Urbanización Altos de La Vega (Maracaibo),4001
Zulia,Urbanización Altos del Pilar (Maracaibo),4002
Zulia,Urbanización Amalias (Maracaibo),4005
Zulia,Urbanización Bella Vista (Maracaibo),4002
Zulia,Urbanización Bello Monte (Maracaibo),4002
Zulia,Urbanización Bloques de San Francisco (Maracaibo),4004
Zulia,Urbanización Buena Vista (Maracaibo),4005
Zulia,Urbanización Canta Claro (Maracaibo),4002
Zulia,Urbanización Chevron (Maracaibo),4001
Zulia,Urbanización Club Hípico (Maracaibo),4005
Zulia,Urbanización Corazón de Jesús (Maracaibo),4005
Zulia,Urbanización Coromoto 1ª y 2ª Etapa (Maracaibo),4004
Zulia,Urbanización Creoles (Maracaibo),4002
Zulia,Urbanización Cuatricentenario 1ª y 2ª Etapa (Maracaibo),4001
Zulia,Urbanización Cumbres de Maracaibo (Maracaibo),4005
Zulia,Urbanización El Callao (Maracaibo),4004
Zulia,Urbanización El Estanque (Maracaibo),4004
Zulia,Urbanización El Guayabal (Maracaibo),4001
Zulia,Urbanización El Parque (Maracaibo),4002
Zulia,Urbanización El Pilar (Maracaibo),4002
Zulia,Urbanización El Pilarcito (Maracaibo),4002
Zulia,Urbanización El Portal (Maracaibo),4002
Zulia,Urbanización El Prado (Maracaibo),4005
Zulia,Urbanización El Rosal Sur (Maracaibo),4002
Zulia,Urbanización El Trébol (Maracaibo),4004
Zulia,Urbanización El Varillal (Maracaibo),4001
Zulia,Urbanización Enerbal (Maracaibo),4005
Zulia,Urbanización FAC (Maracaibo),4001
Zulia,Urbanización Fundación Mendoza (Maracaibo),4001
Zulia,Urbanización Irama (Maracaibo),4002
Zulia,Urbanización Islas Doradas (Maracaibo),4002
Zulia,Urbanización Juana de Avila (Maracaibo),4005
Zulia,Urbanización La California (Maracaibo),4005
Zulia,Urbanización La Curva (Maracaibo),4005
Zulia,Urbanización La Estrella (Maracaibo),4002
Zulia,Urbanización La Floresta (Maracaibo),4005
Zulia,Urbanización La Lago (Maracaibo),4002
Zulia,Urbanización La Pastora (Maracaibo),4001
Zulia,Urbanización La Paz 1ª y 2ª Etapa (Maracaibo),4001
Zulia,Urbanización La Rosaleda (Maracaibo),4005
Zulia,Urbanización La Trinidad (Maracaibo),4005
Zulia,Urbanización La Victoria 1ª y 2ª Etapa (Maracaibo),4005
Zulia,Urbanización Lagomar (Maracaibo),4002
Zulia,Urbanización Lajas Blancas (Maracaibo),4001
Zulia,Urbanización Las Aceitunas (Maracaibo),4005
Zulia,Urbanización Las Carmelias (Maracaibo),4005
Zulia,Urbanización Las Lomas (Maracaibo),4005
Zulia,Urbanización Las Mercedes (Maracaibo),4002
Zulia,Urbanización Lomas de Sabaneta (Maracaibo),4001
Zulia,Urbanización Los Altos (Maracaibo),4001
Zulia,Urbanización Los Olivos (Maracaibo),4005
Zulia,Urbanización Maracaibo (Maracaibo),4002
Zulia,Urbanización Miramar (Maracaibo),4002
Zulia,Urbanización Monte Bello (Maracaibo),4002
Zulia,Urbanización Monte Claro (Maracaibo),4005
Zulia,Urbanización Naranjal (Maracaibo),4005
Zulia,Urbanización Obrero (Maracaibo),4005
Zulia,Urbanización Perijá (Maracaibo),4004
Zulia,Urbanización Portuaria (Maracaibo),4004
Zulia,Urbanización Raúl Leoni (Maracaibo),4005
Zulia,Urbanización Ricaurte (Maracaibo),4002
Zulia,Urbanización Ritchamond (Maracaibo),4001
Zulia,Urbanización Rómulo Gallego (Maracaibo),4005
Zulia,Urbanización Rotaria 1ª 2ª 3ª 4ª y 5ª Etapa (Maracaibo),4005
Zulia,Urbanización Sabatorio (Maracaibo),4001
Zulia,Urbanización San Felipe 1ª y 2ª Etapa (Maracaibo),4004
Zulia,Urbanización San Francisco de Miranda 3ª Etapa,4004
Zulia,Urbanización San Jacinto (Maracaibo),4005
Zulia,Urbanización San Miguel (Maracaibo),4001
Zulia,Urbanización San Rafael (Maracaibo),4001
Zulia,Urbanización Santa Ana (Maracaibo),4005
Zulia,Urbanización Santa Eduvigis (Maracaibo),4005
Zulia,Urbanización Santa María (Maracaibo),4005
Zulia,Urbanización Sucre (Maracaibo),4005
Zulia,Urbanización Urdaneta (Maracaibo),4001
Zulia,Urbanización Villa Nueva (Maracaibo),4005
Zulia,Urbanización Virginia (Maracaibo),4002
Zulia,Urbanización Vista del Lago (Maracaibo),4001
Zulia,Urbanización Zapara (Maracaibo),4002
Zulia,Villa del Rosario,4047
Zulia,Zona Central de La Ciudad (Maracaibo),4001
Zulia,Zona Industrial (Maracaibo),4004
